fn_pressure,fn_scenario,new_fn_scenario,fn_time,new_fn_pressure,f_path
sst-raw,ssp245,ssp245,current,sst ,/home/shares/ohi/stressors_2021/impacts/raw_sst
sst-raw,ssp245,ssp245,near-term,sst ,/home/shares/ohi/stressors_2021/impacts/raw_sst
sst-raw,ssp245,ssp245,medium-term,sst ,/home/shares/ohi/stressors_2021/impacts/raw_sst
sst-raw,ssp245,ssp245,long-term,sst ,/home/shares/ohi/stressors_2021/impacts/raw_sst
sst-raw,ssp585,ssp585,current,sst ,/home/shares/ohi/stressors_2021/impacts/raw_sst
sst-raw,ssp585,ssp585,near-term,sst ,/home/shares/ohi/stressors_2021/impacts/raw_sst
sst-raw,ssp585,ssp585,medium-term,sst ,/home/shares/ohi/stressors_2021/impacts/raw_sst
sst-raw,ssp585,ssp585,long-term,sst ,/home/shares/ohi/stressors_2021/impacts/raw_sst
raw_oa,ssp119,ssp119,current,oa,/home/shares/ohi/stressors_2021/_dataprep/oa/raw
raw_oa,ssp119,ssp119,near-term,oa,/home/shares/ohi/stressors_2021/_dataprep/oa/raw
raw_oa,ssp119,ssp119,medium-term,oa,/home/shares/ohi/stressors_2021/_dataprep/oa/raw
raw_oa,ssp119,ssp119,long-term,oa,/home/shares/ohi/stressors_2021/_dataprep/oa/raw
raw_oa,ssp126,ssp126,current,oa,/home/shares/ohi/stressors_2021/_dataprep/oa/raw
raw_oa,ssp126,ssp126,near-term,oa,/home/shares/ohi/stressors_2021/_dataprep/oa/raw
raw_oa,ssp126,ssp126,medium-term,oa,/home/shares/ohi/stressors_2021/_dataprep/oa/raw
raw_oa,ssp126,ssp126,long-term,oa,/home/shares/ohi/stressors_2021/_dataprep/oa/raw
raw_oa,ssp245,ssp245,current,oa,/home/shares/ohi/stressors_2021/_dataprep/oa/raw
raw_oa,ssp245,ssp245,near-term,oa,/home/shares/ohi/stressors_2021/_dataprep/oa/raw
raw_oa,ssp245,ssp245,medium-term,oa,/home/shares/ohi/stressors_2021/_dataprep/oa/raw
raw_oa,ssp245,ssp245,long-term,oa,/home/shares/ohi/stressors_2021/_dataprep/oa/raw
raw_oa,ssp370,ssp370,current,oa,/home/shares/ohi/stressors_2021/_dataprep/oa/raw
raw_oa,ssp370,ssp370,near-term,oa,/home/shares/ohi/stressors_2021/_dataprep/oa/raw
raw_oa,ssp370,ssp370,medium-term,oa,/home/shares/ohi/stressors_2021/_dataprep/oa/raw
raw_oa,ssp370,ssp370,long-term,oa,/home/shares/ohi/stressors_2021/_dataprep/oa/raw
raw_oa,ssp585,ssp585,current,oa,/home/shares/ohi/stressors_2021/_dataprep/oa/raw
raw_oa,ssp585,ssp585,near-term,oa,/home/shares/ohi/stressors_2021/_dataprep/oa/raw
raw_oa,ssp585,ssp585,medium-term,oa,/home/shares/ohi/stressors_2021/_dataprep/oa/raw
raw_oa,ssp585,ssp585,long-term,oa,/home/shares/ohi/stressors_2021/_dataprep/oa/raw
nutrient,ssp1,ssp1,current,nutrient-input,/home/shares/ohi/stressors_2021/_dataprep/nutrients/projected
nutrient,ssp1,ssp1,near-term,nutrient-input,/home/shares/ohi/stressors_2021/_dataprep/nutrients/projected
nutrient,ssp1,ssp1,medium-term,nutrient-input,/home/shares/ohi/stressors_2021/_dataprep/nutrients/projected
nutrient,ssp2,ssp2,current,nutrient-input,/home/shares/ohi/stressors_2021/_dataprep/nutrients/projected
nutrient,ssp2,ssp2,near-term,nutrient-input,/home/shares/ohi/stressors_2021/_dataprep/nutrients/projected
nutrient,ssp2,ssp2,medium-term,nutrient-input,/home/shares/ohi/stressors_2021/_dataprep/nutrients/projected
nutrient,ssp3,ssp3,current,nutrient-input,/home/shares/ohi/stressors_2021/_dataprep/nutrients/projected
nutrient,ssp3,ssp3,near-term,nutrient-input,/home/shares/ohi/stressors_2021/_dataprep/nutrients/projected
nutrient,ssp3,ssp3,medium-term,nutrient-input,/home/shares/ohi/stressors_2021/_dataprep/nutrients/projected
nutrient,ssp4,ssp4,current,nutrient-input,/home/shares/ohi/stressors_2021/_dataprep/nutrients/projected
nutrient,ssp4,ssp4,near-term,nutrient-input,/home/shares/ohi/stressors_2021/_dataprep/nutrients/projected
nutrient,ssp4,ssp4,medium-term,nutrient-input,/home/shares/ohi/stressors_2021/_dataprep/nutrients/projected
nutrient,ssp5,ssp5,current,nutrient-input,/home/shares/ohi/stressors_2021/_dataprep/nutrients/projected
nutrient,ssp5,ssp5,near-term,nutrient-input,/home/shares/ohi/stressors_2021/_dataprep/nutrients/projected
nutrient,ssp5,ssp5,medium-term,nutrient-input,/home/shares/ohi/stressors_2021/_dataprep/nutrients/projected
slr-annual,ssp126,ssp126,current,slr,/home/shares/ohi/stressors_2021/_dataprep/slr/raw
slr-annual,ssp126,ssp126,near-term,slr,/home/shares/ohi/stressors_2021/_dataprep/slr/raw
slr-annual,ssp126,ssp126,medium-term,slr,/home/shares/ohi/stressors_2021/_dataprep/slr/raw
slr-annual,ssp126,ssp126,long-term,slr,/home/shares/ohi/stressors_2021/_dataprep/slr/raw
slr-annual,ssp245,ssp245,current,slr,/home/shares/ohi/stressors_2021/_dataprep/slr/raw
slr-annual,ssp245,ssp245,near-term,slr,/home/shares/ohi/stressors_2021/_dataprep/slr/raw
slr-annual,ssp245,ssp245,medium-term,slr,/home/shares/ohi/stressors_2021/_dataprep/slr/raw
slr-annual,ssp245,ssp245,long-term,slr,/home/shares/ohi/stressors_2021/_dataprep/slr/raw
slr-annual,ssp370,ssp370,current,slr,/home/shares/ohi/stressors_2021/_dataprep/slr/raw
slr-annual,ssp370,ssp370,near-term,slr,/home/shares/ohi/stressors_2021/_dataprep/slr/raw
slr-annual,ssp370,ssp370,medium-term,slr,/home/shares/ohi/stressors_2021/_dataprep/slr/raw
slr-annual,ssp370,ssp370,long-term,slr,/home/shares/ohi/stressors_2021/_dataprep/slr/raw
slr-annual,ssp585,ssp585,current,slr,/home/shares/ohi/stressors_2021/_dataprep/slr/raw
slr-annual,ssp585,ssp585,near-term,slr,/home/shares/ohi/stressors_2021/_dataprep/slr/raw
slr-annual,ssp585,ssp585,medium-term,slr,/home/shares/ohi/stressors_2021/_dataprep/slr/raw
slr-annual,ssp585,ssp585,long-term,slr,/home/shares/ohi/stressors_2021/_dataprep/slr/raw
human-pop-density-km2,SSP1,SSP1,current,coastal-disturbance,/home/shares/ohi/stressors_2021/_dataprep/population_v2/pop_density_km2_ocean_expand
human-pop-density-km2,SSP1,SSP1,near-term,coastal-disturbance,/home/shares/ohi/stressors_2021/_dataprep/population_v2/pop_density_km2_ocean_expand
human-pop-density-km2,SSP1,SSP1,medium-term,coastal-disturbance,/home/shares/ohi/stressors_2021/_dataprep/population_v2/pop_density_km2_ocean_expand
human-pop-density-km2,SSP1,SSP1,long-term,coastal-disturbance,/home/shares/ohi/stressors_2021/_dataprep/population_v2/pop_density_km2_ocean_expand
human-pop-density-km2,SSP2,SSP2,current,coastal-disturbance,/home/shares/ohi/stressors_2021/_dataprep/population_v2/pop_density_km2_ocean_expand
human-pop-density-km2,SSP2,SSP2,near-term,coastal-disturbance,/home/shares/ohi/stressors_2021/_dataprep/population_v2/pop_density_km2_ocean_expand
human-pop-density-km2,SSP2,SSP2,medium-term,coastal-disturbance,/home/shares/ohi/stressors_2021/_dataprep/population_v2/pop_density_km2_ocean_expand
human-pop-density-km2,SSP2,SSP2,long-term,coastal-disturbance,/home/shares/ohi/stressors_2021/_dataprep/population_v2/pop_density_km2_ocean_expand
human-pop-density-km2,SSP3,SSP3,current,coastal-disturbance,/home/shares/ohi/stressors_2021/_dataprep/population_v2/pop_density_km2_ocean_expand
human-pop-density-km2,SSP3,SSP3,near-term,coastal-disturbance,/home/shares/ohi/stressors_2021/_dataprep/population_v2/pop_density_km2_ocean_expand
human-pop-density-km2,SSP3,SSP3,medium-term,coastal-disturbance,/home/shares/ohi/stressors_2021/_dataprep/population_v2/pop_density_km2_ocean_expand
human-pop-density-km2,SSP3,SSP3,long-term,coastal-disturbance,/home/shares/ohi/stressors_2021/_dataprep/population_v2/pop_density_km2_ocean_expand
human-pop-density-km2,SSP4,SSP4,current,coastal-disturbance,/home/shares/ohi/stressors_2021/_dataprep/population_v2/pop_density_km2_ocean_expand
human-pop-density-km2,SSP4,SSP4,near-term,coastal-disturbance,/home/shares/ohi/stressors_2021/_dataprep/population_v2/pop_density_km2_ocean_expand
human-pop-density-km2,SSP4,SSP4,medium-term,coastal-disturbance,/home/shares/ohi/stressors_2021/_dataprep/population_v2/pop_density_km2_ocean_expand
human-pop-density-km2,SSP4,SSP4,long-term,coastal-disturbance,/home/shares/ohi/stressors_2021/_dataprep/population_v2/pop_density_km2_ocean_expand
human-pop-density-km2,SSP5,SSP5,current,coastal-disturbance,/home/shares/ohi/stressors_2021/_dataprep/population_v2/pop_density_km2_ocean_expand
human-pop-density-km2,SSP5,SSP5,near-term,coastal-disturbance,/home/shares/ohi/stressors_2021/_dataprep/population_v2/pop_density_km2_ocean_expand
human-pop-density-km2,SSP5,SSP5,medium-term,coastal-disturbance,/home/shares/ohi/stressors_2021/_dataprep/population_v2/pop_density_km2_ocean_expand
human-pop-density-km2,SSP5,SSP5,long-term,coastal-disturbance,/home/shares/ohi/stressors_2021/_dataprep/population_v2/pop_density_km2_ocean_expand
npp_raw,ssp126,ssp126,current,npp,/home/shares/ohi/stressors_2021/_dataprep/npp/raw_rescaled_mol
npp_raw,ssp126,ssp126,near-term,npp,/home/shares/ohi/stressors_2021/_dataprep/npp/raw_rescaled_mol
npp_raw,ssp126,ssp126,medium-term,npp,/home/shares/ohi/stressors_2021/_dataprep/npp/raw_rescaled_mol
npp_raw,ssp126,ssp126,long-term,npp,/home/shares/ohi/stressors_2021/_dataprep/npp/raw_rescaled_mol
npp_raw,ssp245,ssp245,current,npp,/home/shares/ohi/stressors_2021/_dataprep/npp/raw_rescaled_mol
npp_raw,ssp245,ssp245,near-term,npp,/home/shares/ohi/stressors_2021/_dataprep/npp/raw_rescaled_mol
npp_raw,ssp245,ssp245,medium-term,npp,/home/shares/ohi/stressors_2021/_dataprep/npp/raw_rescaled_mol
npp_raw,ssp245,ssp245,long-term,npp,/home/shares/ohi/stressors_2021/_dataprep/npp/raw_rescaled_mol
npp_raw,ssp370,ssp370,current,npp,/home/shares/ohi/stressors_2021/_dataprep/npp/raw_rescaled_mol
npp_raw,ssp370,ssp370,near-term,npp,/home/shares/ohi/stressors_2021/_dataprep/npp/raw_rescaled_mol
npp_raw,ssp370,ssp370,medium-term,npp,/home/shares/ohi/stressors_2021/_dataprep/npp/raw_rescaled_mol
npp_raw,ssp370,ssp370,long-term,npp,/home/shares/ohi/stressors_2021/_dataprep/npp/raw_rescaled_mol
npp_raw,ssp585,ssp585,current,npp,/home/shares/ohi/stressors_2021/_dataprep/npp/raw_rescaled_mol
npp_raw,ssp585,ssp585,near-term,npp,/home/shares/ohi/stressors_2021/_dataprep/npp/raw_rescaled_mol
npp_raw,ssp585,ssp585,medium-term,npp,/home/shares/ohi/stressors_2021/_dataprep/npp/raw_rescaled_mol
npp_raw,ssp585,ssp585,long-term,npp,/home/shares/ohi/stressors_2021/_dataprep/npp/raw_rescaled_mol
light,ssp1,ssp1,current,light-pollution,/home/shares/ohi/stressors_2021/_dataprep/light/raw
light,ssp1,ssp1,near-term,light-pollution,/home/shares/ohi/stressors_2021/_dataprep/light/raw
light,ssp1,ssp1,medium-term,light-pollution,/home/shares/ohi/stressors_2021/_dataprep/light/raw
light,ssp1,ssp1,long-term,light-pollution,/home/shares/ohi/stressors_2021/_dataprep/light/raw
light,ssp2,ssp2,current,light-pollution,/home/shares/ohi/stressors_2021/_dataprep/light/raw
light,ssp2,ssp2,near-term,light-pollution,/home/shares/ohi/stressors_2021/_dataprep/light/raw
light,ssp2,ssp2,medium-term,light-pollution,/home/shares/ohi/stressors_2021/_dataprep/light/raw
light,ssp2,ssp2,long-term,light-pollution,/home/shares/ohi/stressors_2021/_dataprep/light/raw
light,ssp3,ssp3,current,light-pollution,/home/shares/ohi/stressors_2021/_dataprep/light/raw
light,ssp3,ssp3,near-term,light-pollution,/home/shares/ohi/stressors_2021/_dataprep/light/raw
light,ssp3,ssp3,medium-term,light-pollution,/home/shares/ohi/stressors_2021/_dataprep/light/raw
light,ssp3,ssp3,long-term,light-pollution,/home/shares/ohi/stressors_2021/_dataprep/light/raw
light,ssp4,ssp4,current,light-pollution,/home/shares/ohi/stressors_2021/_dataprep/light/raw
light,ssp4,ssp4,near-term,light-pollution,/home/shares/ohi/stressors_2021/_dataprep/light/raw
light,ssp4,ssp4,medium-term,light-pollution,/home/shares/ohi/stressors_2021/_dataprep/light/raw
light,ssp4,ssp4,long-term,light-pollution,/home/shares/ohi/stressors_2021/_dataprep/light/raw
light,ssp5,ssp5,current,light-pollution,/home/shares/ohi/stressors_2021/_dataprep/light/raw
light,ssp5,ssp5,near-term,light-pollution,/home/shares/ohi/stressors_2021/_dataprep/light/raw
light,ssp5,ssp5,medium-term,light-pollution,/home/shares/ohi/stressors_2021/_dataprep/light/raw
light,ssp5,ssp5,long-term,light-pollution,/home/shares/ohi/stressors_2021/_dataprep/light/raw
fisheries,ssp1,ssp1,current,fisheries-biomass-loss,/home/shares/ohi/stressors_2021/_dataprep/fisheries_biomass/pressure_mod2
fisheries,ssp1,ssp1,near-term,fisheries-biomass-loss,/home/shares/ohi/stressors_2021/_dataprep/fisheries_biomass/pressure_mod2
fisheries,ssp1,ssp1,medium-term,fisheries-biomass-loss,/home/shares/ohi/stressors_2021/_dataprep/fisheries_biomass/pressure_mod2
fisheries,ssp1,ssp1,long-term,fisheries-biomass-loss,/home/shares/ohi/stressors_2021/_dataprep/fisheries_biomass/pressure_mod2
fisheries,ssp2,ssp2,current,fisheries-biomass-loss,/home/shares/ohi/stressors_2021/_dataprep/fisheries_biomass/pressure_mod2
fisheries,ssp2,ssp2,near-term,fisheries-biomass-loss,/home/shares/ohi/stressors_2021/_dataprep/fisheries_biomass/pressure_mod2
fisheries,ssp2,ssp2,medium-term,fisheries-biomass-loss,/home/shares/ohi/stressors_2021/_dataprep/fisheries_biomass/pressure_mod2
fisheries,ssp2,ssp2,long-term,fisheries-biomass-loss,/home/shares/ohi/stressors_2021/_dataprep/fisheries_biomass/pressure_mod2
fisheries,ssp3,ssp3,current,fisheries-biomass-loss,/home/shares/ohi/stressors_2021/_dataprep/fisheries_biomass/pressure_mod2
fisheries,ssp3,ssp3,near-term,fisheries-biomass-loss,/home/shares/ohi/stressors_2021/_dataprep/fisheries_biomass/pressure_mod2
fisheries,ssp3,ssp3,medium-term,fisheries-biomass-loss,/home/shares/ohi/stressors_2021/_dataprep/fisheries_biomass/pressure_mod2
fisheries,ssp3,ssp3,long-term,fisheries-biomass-loss,/home/shares/ohi/stressors_2021/_dataprep/fisheries_biomass/pressure_mod2
fisheries,ssp4,ssp4,current,fisheries-biomass-loss,/home/shares/ohi/stressors_2021/_dataprep/fisheries_biomass/pressure_mod2
fisheries,ssp4,ssp4,near-term,fisheries-biomass-loss,/home/shares/ohi/stressors_2021/_dataprep/fisheries_biomass/pressure_mod2
fisheries,ssp4,ssp4,medium-term,fisheries-biomass-loss,/home/shares/ohi/stressors_2021/_dataprep/fisheries_biomass/pressure_mod2
fisheries,ssp4,ssp4,long-term,fisheries-biomass-loss,/home/shares/ohi/stressors_2021/_dataprep/fisheries_biomass/pressure_mod2
fisheries,ssp5,ssp5,current,fisheries-biomass-loss,/home/shares/ohi/stressors_2021/_dataprep/fisheries_biomass/pressure_mod2
fisheries,ssp5,ssp5,near-term,fisheries-biomass-loss,/home/shares/ohi/stressors_2021/_dataprep/fisheries_biomass/pressure_mod2
fisheries,ssp5,ssp5,medium-term,fisheries-biomass-loss,/home/shares/ohi/stressors_2021/_dataprep/fisheries_biomass/pressure_mod2
fisheries,ssp5,ssp5,long-term,fisheries-biomass-loss,/home/shares/ohi/stressors_2021/_dataprep/fisheries_biomass/pressure_mod2
days_hi35,ssp119,ssp119,current,air-heat-index_hi35,/home/shares/ohi/stressors_2021/_dataprep/T_air/wb_heat_index/time_frame_average
days_hi35,ssp119,ssp119,near-term,air-heat-index_hi35,/home/shares/ohi/stressors_2021/_dataprep/T_air/wb_heat_index/time_frame_average
days_hi35,ssp119,ssp119,medium-term,air-heat-index_hi35,/home/shares/ohi/stressors_2021/_dataprep/T_air/wb_heat_index/time_frame_average
days_hi35,ssp119,ssp119,long-term,air-heat-index_hi35,/home/shares/ohi/stressors_2021/_dataprep/T_air/wb_heat_index/time_frame_average
days_hi35,ssp126,ssp126,current,air-heat-index_hi35,/home/shares/ohi/stressors_2021/_dataprep/T_air/wb_heat_index/time_frame_average
days_hi35,ssp126,ssp126,near-term,air-heat-index_hi35,/home/shares/ohi/stressors_2021/_dataprep/T_air/wb_heat_index/time_frame_average
days_hi35,ssp126,ssp126,medium-term,air-heat-index_hi35,/home/shares/ohi/stressors_2021/_dataprep/T_air/wb_heat_index/time_frame_average
days_hi35,ssp126,ssp126,long-term,air-heat-index_hi35,/home/shares/ohi/stressors_2021/_dataprep/T_air/wb_heat_index/time_frame_average
days_hi35,ssp245,ssp245,current,air-heat-index_hi35,/home/shares/ohi/stressors_2021/_dataprep/T_air/wb_heat_index/time_frame_average
days_hi35,ssp245,ssp245,near-term,air-heat-index_hi35,/home/shares/ohi/stressors_2021/_dataprep/T_air/wb_heat_index/time_frame_average
days_hi35,ssp245,ssp245,medium-term,air-heat-index_hi35,/home/shares/ohi/stressors_2021/_dataprep/T_air/wb_heat_index/time_frame_average
days_hi35,ssp245,ssp245,long-term,air-heat-index_hi35,/home/shares/ohi/stressors_2021/_dataprep/T_air/wb_heat_index/time_frame_average
days_hi35,ssp370,ssp370,current,air-heat-index_hi35,/home/shares/ohi/stressors_2021/_dataprep/T_air/wb_heat_index/time_frame_average
days_hi35,ssp370,ssp370,near-term,air-heat-index_hi35,/home/shares/ohi/stressors_2021/_dataprep/T_air/wb_heat_index/time_frame_average
days_hi35,ssp370,ssp370,medium-term,air-heat-index_hi35,/home/shares/ohi/stressors_2021/_dataprep/T_air/wb_heat_index/time_frame_average
days_hi35,ssp370,ssp370,long-term,air-heat-index_hi35,/home/shares/ohi/stressors_2021/_dataprep/T_air/wb_heat_index/time_frame_average
days_hi35,ssp585,ssp585,current,air-heat-index_hi35,/home/shares/ohi/stressors_2021/_dataprep/T_air/wb_heat_index/time_frame_average
days_hi35,ssp585,ssp585,near-term,air-heat-index_hi35,/home/shares/ohi/stressors_2021/_dataprep/T_air/wb_heat_index/time_frame_average
days_hi35,ssp585,ssp585,medium-term,air-heat-index_hi35,/home/shares/ohi/stressors_2021/_dataprep/T_air/wb_heat_index/time_frame_average
days_hi35,ssp585,ssp585,long-term,air-heat-index_hi35,/home/shares/ohi/stressors_2021/_dataprep/T_air/wb_heat_index/time_frame_average
days_hi37,ssp119,ssp119,current,air-heat-index_hi37,/home/shares/ohi/stressors_2021/_dataprep/T_air/wb_heat_index/time_frame_average
days_hi37,ssp119,ssp119,near-term,air-heat-index_hi37,/home/shares/ohi/stressors_2021/_dataprep/T_air/wb_heat_index/time_frame_average
days_hi37,ssp119,ssp119,medium-term,air-heat-index_hi37,/home/shares/ohi/stressors_2021/_dataprep/T_air/wb_heat_index/time_frame_average
days_hi37,ssp119,ssp119,long-term,air-heat-index_hi37,/home/shares/ohi/stressors_2021/_dataprep/T_air/wb_heat_index/time_frame_average
days_hi37,ssp126,ssp126,current,air-heat-index_hi37,/home/shares/ohi/stressors_2021/_dataprep/T_air/wb_heat_index/time_frame_average
days_hi37,ssp126,ssp126,near-term,air-heat-index_hi37,/home/shares/ohi/stressors_2021/_dataprep/T_air/wb_heat_index/time_frame_average
days_hi37,ssp126,ssp126,medium-term,air-heat-index_hi37,/home/shares/ohi/stressors_2021/_dataprep/T_air/wb_heat_index/time_frame_average
days_hi37,ssp126,ssp126,long-term,air-heat-index_hi37,/home/shares/ohi/stressors_2021/_dataprep/T_air/wb_heat_index/time_frame_average
days_hi37,ssp245,ssp245,current,air-heat-index_hi37,/home/shares/ohi/stressors_2021/_dataprep/T_air/wb_heat_index/time_frame_average
days_hi37,ssp245,ssp245,near-term,air-heat-index_hi37,/home/shares/ohi/stressors_2021/_dataprep/T_air/wb_heat_index/time_frame_average
days_hi37,ssp245,ssp245,medium-term,air-heat-index_hi37,/home/shares/ohi/stressors_2021/_dataprep/T_air/wb_heat_index/time_frame_average
days_hi37,ssp245,ssp245,long-term,air-heat-index_hi37,/home/shares/ohi/stressors_2021/_dataprep/T_air/wb_heat_index/time_frame_average
days_hi37,ssp370,ssp370,current,air-heat-index_hi37,/home/shares/ohi/stressors_2021/_dataprep/T_air/wb_heat_index/time_frame_average
days_hi37,ssp370,ssp370,near-term,air-heat-index_hi37,/home/shares/ohi/stressors_2021/_dataprep/T_air/wb_heat_index/time_frame_average
days_hi37,ssp370,ssp370,medium-term,air-heat-index_hi37,/home/shares/ohi/stressors_2021/_dataprep/T_air/wb_heat_index/time_frame_average
days_hi37,ssp370,ssp370,long-term,air-heat-index_hi37,/home/shares/ohi/stressors_2021/_dataprep/T_air/wb_heat_index/time_frame_average
days_hi37,ssp585,ssp585,current,air-heat-index_hi37,/home/shares/ohi/stressors_2021/_dataprep/T_air/wb_heat_index/time_frame_average
days_hi37,ssp585,ssp585,near-term,air-heat-index_hi37,/home/shares/ohi/stressors_2021/_dataprep/T_air/wb_heat_index/time_frame_average
days_hi37,ssp585,ssp585,medium-term,air-heat-index_hi37,/home/shares/ohi/stressors_2021/_dataprep/T_air/wb_heat_index/time_frame_average
days_hi37,ssp585,ssp585,long-term,air-heat-index_hi37,/home/shares/ohi/stressors_2021/_dataprep/T_air/wb_heat_index/time_frame_average
days_hi39,ssp119,ssp119,current,air-heat-index_hi39,/home/shares/ohi/stressors_2021/_dataprep/T_air/wb_heat_index/time_frame_average
days_hi39,ssp119,ssp119,near-term,air-heat-index_hi39,/home/shares/ohi/stressors_2021/_dataprep/T_air/wb_heat_index/time_frame_average
days_hi39,ssp119,ssp119,medium-term,air-heat-index_hi39,/home/shares/ohi/stressors_2021/_dataprep/T_air/wb_heat_index/time_frame_average
days_hi39,ssp119,ssp119,long-term,air-heat-index_hi39,/home/shares/ohi/stressors_2021/_dataprep/T_air/wb_heat_index/time_frame_average
days_hi39,ssp126,ssp126,current,air-heat-index_hi39,/home/shares/ohi/stressors_2021/_dataprep/T_air/wb_heat_index/time_frame_average
days_hi39,ssp126,ssp126,near-term,air-heat-index_hi39,/home/shares/ohi/stressors_2021/_dataprep/T_air/wb_heat_index/time_frame_average
days_hi39,ssp126,ssp126,medium-term,air-heat-index_hi39,/home/shares/ohi/stressors_2021/_dataprep/T_air/wb_heat_index/time_frame_average
days_hi39,ssp126,ssp126,long-term,air-heat-index_hi39,/home/shares/ohi/stressors_2021/_dataprep/T_air/wb_heat_index/time_frame_average
days_hi39,ssp245,ssp245,current,air-heat-index_hi39,/home/shares/ohi/stressors_2021/_dataprep/T_air/wb_heat_index/time_frame_average
days_hi39,ssp245,ssp245,near-term,air-heat-index_hi39,/home/shares/ohi/stressors_2021/_dataprep/T_air/wb_heat_index/time_frame_average
days_hi39,ssp245,ssp245,medium-term,air-heat-index_hi39,/home/shares/ohi/stressors_2021/_dataprep/T_air/wb_heat_index/time_frame_average
days_hi39,ssp245,ssp245,long-term,air-heat-index_hi39,/home/shares/ohi/stressors_2021/_dataprep/T_air/wb_heat_index/time_frame_average
days_hi39,ssp370,ssp370,current,air-heat-index_hi39,/home/shares/ohi/stressors_2021/_dataprep/T_air/wb_heat_index/time_frame_average
days_hi39,ssp370,ssp370,near-term,air-heat-index_hi39,/home/shares/ohi/stressors_2021/_dataprep/T_air/wb_heat_index/time_frame_average
days_hi39,ssp370,ssp370,medium-term,air-heat-index_hi39,/home/shares/ohi/stressors_2021/_dataprep/T_air/wb_heat_index/time_frame_average
days_hi39,ssp370,ssp370,long-term,air-heat-index_hi39,/home/shares/ohi/stressors_2021/_dataprep/T_air/wb_heat_index/time_frame_average
days_hi39,ssp585,ssp585,current,air-heat-index_hi39,/home/shares/ohi/stressors_2021/_dataprep/T_air/wb_heat_index/time_frame_average
days_hi39,ssp585,ssp585,near-term,air-heat-index_hi39,/home/shares/ohi/stressors_2021/_dataprep/T_air/wb_heat_index/time_frame_average
days_hi39,ssp585,ssp585,medium-term,air-heat-index_hi39,/home/shares/ohi/stressors_2021/_dataprep/T_air/wb_heat_index/time_frame_average
days_hi39,ssp585,ssp585,long-term,air-heat-index_hi39,/home/shares/ohi/stressors_2021/_dataprep/T_air/wb_heat_index/time_frame_average
days_hi41,ssp119,ssp119,current,air-heat-index_hi41,/home/shares/ohi/stressors_2021/_dataprep/T_air/wb_heat_index/time_frame_average
days_hi41,ssp119,ssp119,near-term,air-heat-index_hi41,/home/shares/ohi/stressors_2021/_dataprep/T_air/wb_heat_index/time_frame_average
days_hi41,ssp119,ssp119,medium-term,air-heat-index_hi41,/home/shares/ohi/stressors_2021/_dataprep/T_air/wb_heat_index/time_frame_average
days_hi41,ssp119,ssp119,long-term,air-heat-index_hi41,/home/shares/ohi/stressors_2021/_dataprep/T_air/wb_heat_index/time_frame_average
days_hi41,ssp126,ssp126,current,air-heat-index_hi41,/home/shares/ohi/stressors_2021/_dataprep/T_air/wb_heat_index/time_frame_average
days_hi41,ssp126,ssp126,near-term,air-heat-index_hi41,/home/shares/ohi/stressors_2021/_dataprep/T_air/wb_heat_index/time_frame_average
days_hi41,ssp126,ssp126,medium-term,air-heat-index_hi41,/home/shares/ohi/stressors_2021/_dataprep/T_air/wb_heat_index/time_frame_average
days_hi41,ssp126,ssp126,long-term,air-heat-index_hi41,/home/shares/ohi/stressors_2021/_dataprep/T_air/wb_heat_index/time_frame_average
days_hi41,ssp245,ssp245,current,air-heat-index_hi41,/home/shares/ohi/stressors_2021/_dataprep/T_air/wb_heat_index/time_frame_average
days_hi41,ssp245,ssp245,near-term,air-heat-index_hi41,/home/shares/ohi/stressors_2021/_dataprep/T_air/wb_heat_index/time_frame_average
days_hi41,ssp245,ssp245,medium-term,air-heat-index_hi41,/home/shares/ohi/stressors_2021/_dataprep/T_air/wb_heat_index/time_frame_average
days_hi41,ssp245,ssp245,long-term,air-heat-index_hi41,/home/shares/ohi/stressors_2021/_dataprep/T_air/wb_heat_index/time_frame_average
days_hi41,ssp370,ssp370,current,air-heat-index_hi41,/home/shares/ohi/stressors_2021/_dataprep/T_air/wb_heat_index/time_frame_average
days_hi41,ssp370,ssp370,near-term,air-heat-index_hi41,/home/shares/ohi/stressors_2021/_dataprep/T_air/wb_heat_index/time_frame_average
days_hi41,ssp370,ssp370,medium-term,air-heat-index_hi41,/home/shares/ohi/stressors_2021/_dataprep/T_air/wb_heat_index/time_frame_average
days_hi41,ssp370,ssp370,long-term,air-heat-index_hi41,/home/shares/ohi/stressors_2021/_dataprep/T_air/wb_heat_index/time_frame_average
days_hi41,ssp585,ssp585,current,air-heat-index_hi41,/home/shares/ohi/stressors_2021/_dataprep/T_air/wb_heat_index/time_frame_average
days_hi41,ssp585,ssp585,near-term,air-heat-index_hi41,/home/shares/ohi/stressors_2021/_dataprep/T_air/wb_heat_index/time_frame_average
days_hi41,ssp585,ssp585,medium-term,air-heat-index_hi41,/home/shares/ohi/stressors_2021/_dataprep/T_air/wb_heat_index/time_frame_average
days_hi41,ssp585,ssp585,long-term,air-heat-index_hi41,/home/shares/ohi/stressors_2021/_dataprep/T_air/wb_heat_index/time_frame_average
o2-depthsurf,current,ssp119,current,oxygen-surface,/home/shares/ohi/stressors_2021/_dataprep/oxygen/projected
o2-depthsurf,ssp119,ssp119,near-term,oxygen-surface,/home/shares/ohi/stressors_2021/_dataprep/oxygen/projected
o2-depthsurf,ssp119,ssp119,medium-term,oxygen-surface,/home/shares/ohi/stressors_2021/_dataprep/oxygen/projected
o2-depthsurf,ssp119,ssp119,long-term,oxygen-surface,/home/shares/ohi/stressors_2021/_dataprep/oxygen/projected
o2-depthsurf,current,ssp126,current,oxygen-surface,/home/shares/ohi/stressors_2021/_dataprep/oxygen/projected
o2-depthsurf,ssp126,ssp126,near-term,oxygen-surface,/home/shares/ohi/stressors_2021/_dataprep/oxygen/projected
o2-depthsurf,ssp126,ssp126,medium-term,oxygen-surface,/home/shares/ohi/stressors_2021/_dataprep/oxygen/projected
o2-depthsurf,ssp126,ssp126,long-term,oxygen-surface,/home/shares/ohi/stressors_2021/_dataprep/oxygen/projected
o2-depthsurf,current,ssp245,current,oxygen-surface,/home/shares/ohi/stressors_2021/_dataprep/oxygen/projected
o2-depthsurf,ssp245,ssp245,near-term,oxygen-surface,/home/shares/ohi/stressors_2021/_dataprep/oxygen/projected
o2-depthsurf,ssp245,ssp245,medium-term,oxygen-surface,/home/shares/ohi/stressors_2021/_dataprep/oxygen/projected
o2-depthsurf,ssp245,ssp245,long-term,oxygen-surface,/home/shares/ohi/stressors_2021/_dataprep/oxygen/projected
o2-depthsurf,current,ssp370,current,oxygen-surface,/home/shares/ohi/stressors_2021/_dataprep/oxygen/projected
o2-depthsurf,ssp370,ssp370,near-term,oxygen-surface,/home/shares/ohi/stressors_2021/_dataprep/oxygen/projected
o2-depthsurf,ssp370,ssp370,medium-term,oxygen-surface,/home/shares/ohi/stressors_2021/_dataprep/oxygen/projected
o2-depthsurf,ssp370,ssp370,long-term,oxygen-surface,/home/shares/ohi/stressors_2021/_dataprep/oxygen/projected
o2-depthsurf,current,ssp460,current,oxygen-surface,/home/shares/ohi/stressors_2021/_dataprep/oxygen/projected
o2-depthsurf,ssp460,ssp460,near-term,oxygen-surface,/home/shares/ohi/stressors_2021/_dataprep/oxygen/projected
o2-depthsurf,ssp460,ssp460,medium-term,oxygen-surface,/home/shares/ohi/stressors_2021/_dataprep/oxygen/projected
o2-depthsurf,ssp460,ssp460,long-term,oxygen-surface,/home/shares/ohi/stressors_2021/_dataprep/oxygen/projected
o2-depthsurf,current,ssp585,current,oxygen-surface,/home/shares/ohi/stressors_2021/_dataprep/oxygen/projected
o2-depthsurf,ssp585,ssp585,near-term,oxygen-surface,/home/shares/ohi/stressors_2021/_dataprep/oxygen/projected
o2-depthsurf,ssp585,ssp585,medium-term,oxygen-surface,/home/shares/ohi/stressors_2021/_dataprep/oxygen/projected
o2-depthsurf,ssp585,ssp585,long-term,oxygen-surface,/home/shares/ohi/stressors_2021/_dataprep/oxygen/projected
o2-depthmean,current,ssp119,current,oxygen-benthic,/home/shares/ohi/stressors_2021/_dataprep/oxygen/projected
o2-depthmean,ssp119,ssp119,near-term,oxygen-benthic,/home/shares/ohi/stressors_2021/_dataprep/oxygen/projected
o2-depthmean,ssp119,ssp119,medium-term,oxygen-benthic,/home/shares/ohi/stressors_2021/_dataprep/oxygen/projected
o2-depthmean,ssp119,ssp119,long-term,oxygen-benthic,/home/shares/ohi/stressors_2021/_dataprep/oxygen/projected
o2-depthmean,current,ssp126,current,oxygen-benthic,/home/shares/ohi/stressors_2021/_dataprep/oxygen/projected
o2-depthmean,ssp126,ssp126,near-term,oxygen-benthic,/home/shares/ohi/stressors_2021/_dataprep/oxygen/projected
o2-depthmean,ssp126,ssp126,medium-term,oxygen-benthic,/home/shares/ohi/stressors_2021/_dataprep/oxygen/projected
o2-depthmean,ssp126,ssp126,long-term,oxygen-benthic,/home/shares/ohi/stressors_2021/_dataprep/oxygen/projected
o2-depthmean,current,ssp245,current,oxygen-benthic,/home/shares/ohi/stressors_2021/_dataprep/oxygen/projected
o2-depthmean,ssp245,ssp245,near-term,oxygen-benthic,/home/shares/ohi/stressors_2021/_dataprep/oxygen/projected
o2-depthmean,ssp245,ssp245,medium-term,oxygen-benthic,/home/shares/ohi/stressors_2021/_dataprep/oxygen/projected
o2-depthmean,ssp245,ssp245,long-term,oxygen-benthic,/home/shares/ohi/stressors_2021/_dataprep/oxygen/projected
o2-depthmean,current,ssp370,current,oxygen-benthic,/home/shares/ohi/stressors_2021/_dataprep/oxygen/projected
o2-depthmean,ssp370,ssp370,near-term,oxygen-benthic,/home/shares/ohi/stressors_2021/_dataprep/oxygen/projected
o2-depthmean,ssp370,ssp370,medium-term,oxygen-benthic,/home/shares/ohi/stressors_2021/_dataprep/oxygen/projected
o2-depthmean,ssp370,ssp370,long-term,oxygen-benthic,/home/shares/ohi/stressors_2021/_dataprep/oxygen/projected
o2-depthmean,current,ssp460,current,oxygen-benthic,/home/shares/ohi/stressors_2021/_dataprep/oxygen/projected
o2-depthmean,ssp460,ssp460,near-term,oxygen-benthic,/home/shares/ohi/stressors_2021/_dataprep/oxygen/projected
o2-depthmean,ssp460,ssp460,medium-term,oxygen-benthic,/home/shares/ohi/stressors_2021/_dataprep/oxygen/projected
o2-depthmean,ssp460,ssp460,long-term,oxygen-benthic,/home/shares/ohi/stressors_2021/_dataprep/oxygen/projected
o2-depthmean,current,ssp585,current,oxygen-benthic,/home/shares/ohi/stressors_2021/_dataprep/oxygen/projected
o2-depthmean,ssp585,ssp585,near-term,oxygen-benthic,/home/shares/ohi/stressors_2021/_dataprep/oxygen/projected
o2-depthmean,ssp585,ssp585,medium-term,oxygen-benthic,/home/shares/ohi/stressors_2021/_dataprep/oxygen/projected
o2-depthmean,ssp585,ssp585,long-term,oxygen-benthic,/home/shares/ohi/stressors_2021/_dataprep/oxygen/projected
thetao-depthmean_mean,current,ssp119,current,temperature-benthic,/home/shares/ohi/stressors_2021/_dataprep/T_benthic/projected
thetao-depthmean_mean,ssp119,ssp119,near-term,temperature-benthic,/home/shares/ohi/stressors_2021/_dataprep/T_benthic/projected
thetao-depthmean_mean,ssp119,ssp119,medium-term,temperature-benthic,/home/shares/ohi/stressors_2021/_dataprep/T_benthic/projected
thetao-depthmean_mean,ssp119,ssp119,long-term,temperature-benthic,/home/shares/ohi/stressors_2021/_dataprep/T_benthic/projected
thetao-depthmean_mean,current,ssp126,current,temperature-benthic,/home/shares/ohi/stressors_2021/_dataprep/T_benthic/projected
thetao-depthmean_mean,ssp126,ssp126,near-term,temperature-benthic,/home/shares/ohi/stressors_2021/_dataprep/T_benthic/projected
thetao-depthmean_mean,ssp126,ssp126,medium-term,temperature-benthic,/home/shares/ohi/stressors_2021/_dataprep/T_benthic/projected
thetao-depthmean_mean,ssp126,ssp126,long-term,temperature-benthic,/home/shares/ohi/stressors_2021/_dataprep/T_benthic/projected
thetao-depthmean_mean,current,ssp245,current,temperature-benthic,/home/shares/ohi/stressors_2021/_dataprep/T_benthic/projected
thetao-depthmean_mean,ssp245,ssp245,near-term,temperature-benthic,/home/shares/ohi/stressors_2021/_dataprep/T_benthic/projected
thetao-depthmean_mean,ssp245,ssp245,medium-term,temperature-benthic,/home/shares/ohi/stressors_2021/_dataprep/T_benthic/projected
thetao-depthmean_mean,ssp245,ssp245,long-term,temperature-benthic,/home/shares/ohi/stressors_2021/_dataprep/T_benthic/projected
thetao-depthmean_mean,current,ssp370,current,temperature-benthic,/home/shares/ohi/stressors_2021/_dataprep/T_benthic/projected
thetao-depthmean_mean,ssp370,ssp370,near-term,temperature-benthic,/home/shares/ohi/stressors_2021/_dataprep/T_benthic/projected
thetao-depthmean_mean,ssp370,ssp370,medium-term,temperature-benthic,/home/shares/ohi/stressors_2021/_dataprep/T_benthic/projected
thetao-depthmean_mean,ssp370,ssp370,long-term,temperature-benthic,/home/shares/ohi/stressors_2021/_dataprep/T_benthic/projected
thetao-depthmean_mean,current,ssp460,current,temperature-benthic,/home/shares/ohi/stressors_2021/_dataprep/T_benthic/projected
thetao-depthmean_mean,ssp460,ssp460,near-term,temperature-benthic,/home/shares/ohi/stressors_2021/_dataprep/T_benthic/projected
thetao-depthmean_mean,ssp460,ssp460,medium-term,temperature-benthic,/home/shares/ohi/stressors_2021/_dataprep/T_benthic/projected
thetao-depthmean_mean,ssp460,ssp460,long-term,temperature-benthic,/home/shares/ohi/stressors_2021/_dataprep/T_benthic/projected
thetao-depthmean_mean,current,ssp585,current,temperature-benthic,/home/shares/ohi/stressors_2021/_dataprep/T_benthic/projected
thetao-depthmean_mean,ssp585,ssp585,near-term,temperature-benthic,/home/shares/ohi/stressors_2021/_dataprep/T_benthic/projected
thetao-depthmean_mean,ssp585,ssp585,medium-term,temperature-benthic,/home/shares/ohi/stressors_2021/_dataprep/T_benthic/projected
thetao-depthmean_mean,ssp585,ssp585,long-term,temperature-benthic,/home/shares/ohi/stressors_2021/_dataprep/T_benthic/projected