stockid,stocklong,1995,1996,1997,1998,1999,2000,2001,2002,2003,2004,2005,2006,2007,2008,2009,2010,2011,2012,2013,2014,2015,2016,2017,2018,2019,2020,2021,2022
ACADRED2J3K,Acadian redfish NAFO Division 2J3K,400,1600,1300,3100,1800,900,1500,1200,600,1900,10600,20400,14500,16300,27600,NA,NA,NA,NA,NA,NA,NA,NA,NA,NA,NA,NA,NA
ACADREDUT3,Acadian redfish Unit 3,38000,42000,67000,17000,61000,48000,94000,32000,50000,33000,116000,96000,33000,146000,147000,NA,NA,NA,NA,NA,NA,NA,NA,NA,NA,NA,NA,NA
ACMACKSARG,Argentine chub mackerel Southern Argentina,173665.2532,162811.4624,153622.9457,141263.8196,135165.2137,129376.9889,120107.8407,120193.4768,113700.7094,125095.2604,141985.458,151691.0925,160168.7958,164839.7674,168549.0593,163016.3836,149172.7181,111326.9521,105542.0602,95550.334,97428.5728,67730.6032,78424.2696,90947.7113,116131.1994,NA,NA,NA
AFLONCH,Alfonsino Chile,NA,NA,NA,47900,47200,45300,39400,33600,25400,18400,16300,13800,12500,12400,11500,11400,11600,NA,NA,NA,NA,NA,NA,NA,NA,NA,NA,NA
ALBAMED,Albacore tuna Mediterranean Sea,36063,36570,34350,36762,34936,36525,36154,33122,30787,26811,22618,20299,15964,13271,15309,14616,15349,12841,11156,10450,8977,8420,9558,11682,11292,NA,NA,NA
ALBANATL,Albacore tuna Northern Atlantic,378000,384000,386000,396000,410000,410000,409000,425000,437000,449000,463000,461000,461000,475000,497000,515000,529000,543000,549000,559000,569000,NA,NA,NA,NA,NA,NA,NA
ALBANPAC,Albacore tuna North Pacific Ocean,916529,905067,863514,796695,743767,717837,739902,745274,709236,686419,712443,763458,781779,749531,750445,737662,742227,723446,675066,660993,646243,617363,617985,641391,NA,NA,NA,NA
ALBASATL,Albacore tuna South Atlantic,129500,128800,126450,124850,120900,119450,114600,101850,95800,93350,96050,102750,103900,109750,117000,121150,128500,130500,131500,139000,NA,NA,NA,NA,NA,NA,NA,NA
ALPLAICBSAI,Alaska plaice Bering Sea and Aleutian Islands,594000,590000,586000,574000,567000,558000,548000,543000,536000,537000,548000,555000,558000,559000,557000,554000,544000,523000,505000,485000,NA,NA,NA,NA,NA,NA,NA,NA
ALSKABSAI,Alaska skate Bering Sea and Aleutian Islands,520000,516000,513000,506000,500000,501000,500000,501000,501000,506000,509000,512000,518000,525000,530000,535000,541000,539000,532000,519000,NA,NA,NA,NA,NA,NA,NA,NA
AMPL23K,American plaice Labrador - NE Newfoundland,13400,17300,17600,19500,17700,14500,12800,6800,8000,11300,11500,21700,31600,24700,25900,23300,29000,NA,NA,NA,NA,NA,NA,NA,NA,NA,NA,NA
AMPL3LNO,American plaice Grand Banks,23700,22900,21500,22800,24200,27100,28200,27600,36100,39300,43400,44100,50500,NA,NA,NA,NA,NA,NA,NA,NA,NA,NA,NA,NA,NA,NA,NA
AMPL3M,American plaice Flemish Cap,6500,4980,4390,4220,3850,2940,2440,2710,1990,2080,2190,1810,1890,NA,NA,NA,NA,NA,NA,NA,NA,NA,NA,NA,NA,NA,NA,NA
ANCHMEDGSA16,Anchovy South of Sicily,NA,NA,NA,NA,NA,NA,NA,NA,NA,NA,15341.74,16333.87,17695.14,18278.46,17768.77,13874.69,9312.74,7882.82,7380.44,8065.37,9937.37,11111.86,12375.77,13606.98,12717.44,11763.2,11287.91,NA
ANCHMEDGSA17-18,"Anchovy Adriatic Sea (GSA 17,18)",581000,569000,626000,643000,674000,606000,618000,810000,1210000,1780000,1590000,1210000,984000,1040000,1020000,850000,815000,794000,680000,570000,349000,NA,NA,NA,NA,NA,NA,NA
ANCHMEDGSA6,Anchovy Northern Spain,21876.5,17651.39,15648.58,13336.17,13369.72,14964.9,19669.79,18531.05,14643.02,12729.19,9685.48,8211.4,10015.26,20502.49,32280.8,30398.35,37718.29,56739.01,66196.99,74957.03,80227.13,81693.8,89055.37,86554.63,71111.54,62677.65,65817.23,NA
ANCHMEDGSA7,Anchovy Gulf of Lions,30815.80006,34605.18864,42125.04678,56357.18846,79539.89541,69902.15523,99799.70741,57341.52009,30546.18157,26877.1927,15001.17078,27743.68632,15121.57048,24133.61645,30904.81899,25743.64229,28040.84304,39288.60906,22192.49143,32696.72523,42452.30343,26102.27971,58235.55193,36662.87082,38216.53935,18136.04606,42810.94084,NA
ANCHOBAYB,Anchovy Bay of Biscay,42500,48200,46400,96900,70500,94600,91500,38800,27500,30900,14500,21600,32000,25100,20800,49000,117000,94400,63500,66200,NA,NA,NA,NA,NA,NA,NA,NA
ANCHONWA,Anchovy North West Africa,NA,NA,NA,NA,NA,352000,31000,71000,60000,160000,153000,74000,186000,126000,53000,143000,NA,NA,NA,NA,NA,NA,NA,NA,NA,NA,NA,NA
ANCHOSA,Anchovy South Africa,670700,536000,1080600,1392800,2098100,4492100,6231300,5111700,4522100,3232900,2829300,1950700,2882100,4033700,3783500,2558200,1484800,2933500,4129300,2743800,2132000,1757900,2718400,1641200,1546700,NA,NA,NA
ANCHOVYKILKACS,Anchovy kilka Iranian Caspian Sea,170000,185000,176000,168000,157000,119000,72300,35800,17100,8320,NA,NA,NA,NA,NA,NA,NA,NA,NA,NA,NA,NA,NA,NA,NA,NA,NA,NA
APOLLNSJ,Walleye pollock Sea of Japan North,564000,520000,403000,325000,286000,283000,275000,249000,185000,155000,119000,88000,84300,118000,114000,101000,82500,91500,95800,NA,NA,NA,NA,NA,NA,NA,NA,NA
APOLLPJPN,Walleye pollock Pacific Coast of Japan,1120000,1180000,1250000,1140000,1050000,948000,1190000,1120000,940000,888000,1090000,1140000,1170000,1130000,1140000,1090000,1140000,1060000,910000,NA,NA,NA,NA,NA,NA,NA,NA,NA
ARFLOUNDBSAI,Arrowtooth flounder Bering Sea and Aleutian Islands,598000,616000,628000,646000,661000,684000,707000,731000,761000,791000,816000,846000,871000,895000,908000,905000,890000,888000,881000,878000,908000,NA,NA,NA,NA,NA,NA,NA
ARFLOUNDGA,Arrowtooth flounder Gulf of Alaska,1740000,1720000,1700000,1690000,1700000,1730000,1790000,1860000,1930000,1970000,2010000,2040000,2070000,2090000,2110000,2100000,2070000,2030000,2030000,2070000,2090000,NA,NA,NA,NA,NA,NA,NA
ARFLOUNDPCOAST,Arrowtooth flounder Pacific Coast,96294.8,92368.4,87960.3,81226,73336.9,62940.5,55430.7,60217.2,60588.5,62150.4,63494.6,58564.3,56397.3,51802,53947.8,50718.9,54760.8,56469.1,57331.7,63283.8,73937.2,88714.4,94533.8,NA,NA,NA,NA,NA
ARGANCHONARG,Argentine anchoita Northern Argentina,2012259.95,3527576.533,3546490.379,3470830.315,3009002.818,3781555.297,5088059.356,3758029.879,3536492.189,2572337.447,1595608.825,1363938.832,1361221.986,1293864.991,1284142.388,1154090.817,1606688.783,1971877.183,2458763.122,2799517.52,2340571.816,1763667.01,1197128.595,1085099.937,1679481.954,NA,NA,NA
ARGANCHOSARG,Argentine anchoita Southern Argentina,1440527.587,1317155.847,1932335.724,1418104.32,1400876.187,1440617.176,1222560.481,1154393.808,1471449.964,1701141.099,2060799.207,1798350.761,1537512.06,1402399.444,1367605.487,1362526.792,1351024.271,1330095.314,1276717.594,1235049.609,1255080.175,1347695.874,1469864.362,1344890.885,1245612.897,NA,NA,NA
ARGHAKENARG,Argentine hake Northern Argentina,313308,268834,210499,157809,110221,123939,158478,173005,140275,114218,132084,100953,102914,125093,118373,114243,118842,98213,99843,106719,121250,142017,163660,170125,NA,NA,NA,NA
ARGHAKESARG,Argentine hake Southern Argentina,1101981,1156867,1122729,879317,708057,550594,569463,620501,662939,828360,791096,809280,672012,580500,613439,624176,642549,656366,718648,753900,775183,847146,880070,885210,NA,NA,NA,NA
ATHAL3NOPs4VWX5Zc,Atlantic halibut Scotian Shelf and Southern Grand Banks,5340,6020,6800,7240,7890,8570,9550,9860,9890,9670,9900,10700,12200,14100,16900,18900,22400,27100,31800,NA,NA,NA,NA,NA,NA,NA,NA,NA
ATHAL5YZ,Atlantic halibut Gulf of Maine / Georges Bank,439,482,525,571,636,688,752,821,903,974,1070,1170,1300,NA,NA,NA,NA,NA,NA,NA,NA,NA,NA,NA,NA,NA,NA,NA
ATKABSAI,Atka mackerel Bering Sea and Aleutian Islands,847000,744000,609000,680000,593000,532000,634000,999000,1180000,1310000,1170000,1030000,929000,810000,822000,788000,657000,614000,529000,581000,589000,NA,NA,NA,NA,NA,NA,NA
ATOOTHFISHRS,Antarctic toothfish Ross Sea,89300,89300,89300,89200,88900,88200,87700,86400,84900,83000,80300,78000,75800,NA,NA,NA,NA,NA,NA,NA,NA,NA,NA,NA,NA,NA,NA,NA
AUROCKPCOAST,Aurora rockfish Pacific Coast,4570,4490,4440,4390,4370,4360,4340,4340,4310,4270,4230,4230,4220,4220,4240,4240,4270,4330,4370,NA,NA,NA,NA,NA,NA,NA,NA,NA
AUSSALMONNZ,Australian salmon New Zealand,25500,25200,25100,25300,25400,25200,24700,23900,23300,22800,22400,22600,NA,NA,NA,NA,NA,NA,NA,NA,NA,NA,NA,NA,NA,NA,NA,NA
BGRDRNSWWA,Blue grenadier New South Wales to Western Australia,154417,148560,166556,180779,183513,172983,156106,135029,119457,98384.4,87665.5,82040.1,74167.5,67568.1,60938.7,63177.1,63102.4,64484.8,70461.3,82017.1,97250.5,113917,133333,140107,154009,161744,NA,NA
BGROCKPCOAST,Blackgill rockfish Pacific Coast,6335.91,6306.42,6263.69,6288.02,6340.16,6525.16,6671.59,6774.9,6856.71,6895.8,6959.9,7070.88,7170.89,7304.15,7409.47,7461.22,7491.69,7521.07,7504.61,7595.85,7684.22,7796.38,7910.45,NA,NA,NA,NA,NA
BIGEYEATL,Bigeye tuna Atlantic Ocean,591000,537000,492000,458000,426000,381000,352000,333000,330000,323000,319000,338000,360000,374000,393000,395000,397000,396000,404000,426000,NA,NA,NA,NA,NA,NA,NA,NA
BIGEYECWPAC,Bigeye tuna Central Western Pacific Ocean,1720000,1780000,1800000,1720000,1640000,1590000,1630000,1610000,1560000,1520000,1480000,1440000,1410000,1340000,1300000,1210000,1190000,1170000,1220000,1300000,1310000,1280000,1240000,1220000,NA,NA,NA,NA
BIGHTREDSE,Bight redfish Southeast Australia,14700,14600,14400,14200,14000,13900,13800,13800,13700,13100,12700,12300,11800,11600,11400,11400,11500,11600,11700,11900,NA,NA,NA,NA,NA,NA,NA,NA
BIGSKAGA,Big skate Gulf of Alaska,41600,42900,44300,45700,47200,47200,47200,47200,47200,45900,44600,44300,44000,44400,44700,45100,45500,45200,45000,45200,45500,44000,42500,42700,42800,NA,NA,NA
BKINGCRABPI,Blue king crab Pribilof Islands,6690,11200,9370,5280,4930,4280,3380,3180,2050,1860,263,744,726,594,NA,NA,NA,NA,NA,NA,NA,NA,NA,NA,NA,NA,NA,NA
BKINGCRABSMI,Blue king crab Saint Matthews Island,5200,4900,4300,2860,1740,1880,2030,2140,2020,2010,1920,2060,2400,2530,2560,2170,1590,1060,1230,1160,1140,1190,1190,1150,1080,1120,NA,NA
BLACKOREOWECR,Black oreo West end of Chatham Rise,152000,151000,149000,148000,148000,146000,144000,144000,144000,144000,144000,144000,144000,NA,NA,NA,NA,NA,NA,NA,NA,NA,NA,NA,NA,NA,NA,NA
BLACKROCKCAL,Black rockfish California,1810,1890,2120,2360,2560,2680,2740,2640,2690,2740,2990,3140,3320,3460,3500,3450,3970,4710,5350,5610,5770,NA,NA,NA,NA,NA,NA,NA
BLACKROCKORECOAST,Black rockfish Oregon Coast,8560,8470,8320,8200,8130,8130,8120,8060,8040,7980,7940,7930,7980,8020,8070,8040,8030,8110,8180,8140,8060,NA,NA,NA,NA,NA,NA,NA
BLACKROCKWASH,Black rockfish Washington,5050,5040,5090,5120,5030,5040,5000,5080,5110,5080,4980,4900,4810,4780,4980,5120,5430,5550,5700,5690,5640,NA,NA,NA,NA,NA,NA,NA
BLKMARLINIO,Black marlin Indian Ocean,215200,209500,206900,200700,195800,185700,171000,162900,162900,160200,153200,155400,157100,165500,178300,187500,198000,205100,208600,212100,212100,206900,194500,187500,184400,NA,NA,NA
BLSHARIO,Blue shark Indian Ocean,797600,782500,768900,749200,744700,738700,729600,731100,728100,717500,694900,670700,646500,628400,602700,572500,543800,515100,483400,451700,413900,395800,371600,356500,351960,NA,NA,NA
BLTILESATLC,Blueline tilefish Southern Atlantic coast,255.6802396,234.5730163,233.957628,212.7981962,223.7623313,228.2489005,241.0142495,248.8137639,267.8831798,284.6395487,317.0733725,349.7394354,394.2391693,450.9287799,515.5966203,567.436516,618.6907337,701.6694027,764.5010572,674.9960158,702.723233,NA,NA,NA,NA,NA,NA,NA
BLUEFISHATLC,Bluefish Atlantic Coast,62400,60900,60300,62700,69400,78300,83100,78600,80200,83500,96500,86000,83300,89400,89400,89400,89200,89600,96900,94300,NA,NA,NA,NA,NA,NA,NA,NA
BLUEROCKCAL,Blue rockfish California,3660,3870,4080,4110,4490,4830,5080,5300,5470,5540,5640,5650,5450,NA,NA,NA,NA,NA,NA,NA,NA,NA,NA,NA,NA,NA,NA,NA
BMACKECS,Spotted mackerel East China Sea,150000,159000,197000,238000,226000,149000,161000,126000,117000,166000,186000,157000,119000,94000,107000,125000,146000,131000,131000,119000,144000,168000,160000,204000,NA,NA,NA,NA
BMACKPJPN,Spotted mackerel Pacific Coast of Japan,309000,377000,268000,254000,363000,345000,378000,342000,299000,646000,659000,589000,587000,481000,720000,704000,591000,489000,414000,316000,225000,146000,113000,124000,NA,NA,NA,NA
BMARLINATL,Blue marlin Atlantic Ocean,27514,28036,27103,25731,24456,23061,21016,19759,18982,18551,19653,20303,21096,20346,19656,19674,19778,19806,19479,19939,20102,20741,NA,NA,NA,NA,NA,NA
BMARLINIO,Indo Pacific blue marlin Indian Ocean,64380,63180,64930,63830,59120,55400,51570,49820,46860,43900,40290,37770,35260,35910,37660,41720,42920,44120,41170,39960,41170,39960,37660,NA,NA,NA,NA,NA
BNKROCKCAL,Bank rockfish California,7380,7220,7050,6770,6380,NA,NA,NA,NA,NA,NA,NA,NA,NA,NA,NA,NA,NA,NA,NA,NA,NA,NA,NA,NA,NA,NA,NA
BOCACCBCW,Bocaccio British Columbia Waters,3210,2940,2820,2770,2770,2750,2720,2600,2510,2470,2420,2370,2280,2220,2080,1930,1920,1880,NA,NA,NA,NA,NA,NA,NA,NA,NA,NA
BOCACCSPCOAST,Bocaccio Southern Pacific Coast,12034,11474,10953,10453,10150,10952,12140,13312,14101,14828,15163,15117,14983,14623,14122,13583,13520,13915,14533,16669,19701,22816,25293,NA,NA,NA,NA,NA
BRMSOJ,Yellow sea bream Sea of Japan,3020,2220,2430,2250,1880,1870,2380,2750,2930,3390,3180,3260,3860,4240,4270,5560,NA,NA,NA,NA,NA,NA,NA,NA,NA,NA,NA,NA
BRNROCKPCOAST,Brown rockfish Pacific Coast,962,1010,1020,988,1020,1030,1070,1050,1090,1050,1140,1170,1210,1250,1310,1350,1380,1400,1450,NA,NA,NA,NA,NA,NA,NA,NA,NA
BSBASSMATLC,Black sea bass Mid-Atlantic Coast,2974.3156,3286.4547,3559.546,3477.5782,4536.2206,4889.505,6579.041,7678.7477,8463.089,7120.786,6173.3165,5303.2966,4354.133,4588.4995,5649.643,6944.507,8123.842,9142.469,10518.737,13350.415,16850.26,NA,NA,NA,NA,NA,NA,NA
BSBASSSATL,Black sea bass South Atlantic,3280,3300,3170,3060,2930,2990,3480,3530,3800,3750,3270,3260,3280,3400,3610,3800,NA,NA,NA,NA,NA,NA,NA,NA,NA,NA,NA,NA
BSQLOBSTERCSCH,Yellow squat lobster Central-Southern Chile,46900,40500,35800,27200,23900,33200,40800,50400,57300,61800,65000,65000,61800,59300,53600,47000,39800,33300,28100,24700,23300,NA,NA,NA,NA,NA,NA,NA
BSQLOBSTERNCH,Yellow squat lobster Northern Chile,16900,16200,14600,14200,13200,10700,10000,10400,12700,14300,16700,18600,20100,22900,23400,24100,23900,22800,21200,20200,19100,NA,NA,NA,NA,NA,NA,NA
BWHITNEA,Blue whiting Northeast Atlantic,3359104,3715742,5388585,6757753,7158771,7437292,8969231,10363526,11842067,10443214,8616632,7801807,5753500,4441932,3498267,3799359,4505291,5176218,5678694,6714472,8267016,9341505,9153979,8213238,6887458,5700362,NA,NA
CABEZORECOAST,Cabezon Oregon Coast,533,549,562,559,556,562,599,602,593,584,557,538,516,483,455,NA,NA,NA,NA,NA,NA,NA,NA,NA,NA,NA,NA,NA
CABEZSCAL,Cabezon Southern California,624,623,621,634,607,621,660,723,778,764,752,736,743,758,789,NA,NA,NA,NA,NA,NA,NA,NA,NA,NA,NA,NA,NA
CALSCORPSCAL,California scorpionfish Southern California,2651.25,2804.63,2957.22,3052.82,3106.28,3086.88,3056.4,2968.46,2875.48,2742.63,2608.17,2479.54,2306.33,2156.96,2047.95,1948.44,1869.84,1768.52,1630.7,1556.37,1534.81,1713.25,1915.22,NA,NA,NA,NA,NA
CAPENOR,Capelin Barents Sea,193000,503000,909000,2056000,2775000,4273000,3630000,2210000,533000,628000,324000,787000,2119000,4428000,3765000,3500000,3707000,3586000,3956000,1949000,842000,328000,2506000,1597000,NA,NA,NA,NA
CHAKESA,Shallow water cape hake South Africa,699113,698655,688904,680003,667004,648557,617859,584110,556359,530378,509230,497923,491165,487740,490810,493159,499990,502295,514729,535214,554618,576931,596575,618733,639191,660767,NA,NA
CHERRCHVX,Chilean herring Central-Southern Chile,960000,2500000,2020000,1520000,1080000,846000,748000,949000,957000,1270000,1320000,1710000,1530000,3730000,4250000,3130000,3770000,4190000,NA,NA,NA,NA,NA,NA,NA,NA,NA,NA
CHILISPCOAST,Chilipepper Southern Pacific Coast,18323.9,17375.6,16271.6,14668,13439.9,13633.4,20628.4,26211.6,30878.9,34105.2,35974.9,36339.7,35457.2,33724.7,31788.1,29654.7,30044.7,31848.2,33242.4,34034.8,35205.6,37394.1,39163.2,NA,NA,NA,NA,NA
CHMACKNWA,Cunene horse mackerel North West Africa,116000,100000,91200,92700,90400,135000,187000,186000,215000,250000,244000,217000,284000,369000,316000,253000,NA,NA,NA,NA,NA,NA,NA,NA,NA,NA,NA,NA
CHROCKCPCOAST,China rockfish Central Pacific Coast,499,489,481,468,450,427,417,402,386,383,384,387,388,386,384,382,384,382,379,378,381,NA,NA,NA,NA,NA,NA,NA
CHROCKNPCOAST,China rockfish Northern Pacific Coast,178,177,177,178,179,180,180,180,181,181,182,183,183,183,183,183,183,183,183,183,183,NA,NA,NA,NA,NA,NA,NA
CHROCKSPCOAST,China rockfish Southern Pacific Coast,224,208,203,195,202,206,209,212,215,219,229,234,241,248,253,253,254,259,264,272,280,NA,NA,NA,NA,NA,NA,NA
CHSQUIDSA,Cape Hope squid South Africa,34328,34400,30783,26780,31975,31364,31920,29680,39131,41267,33753,30004,31662,35849,41455,38433,30947,24465,23764,21769,33670,31424,NA,NA,NA,NA,NA,NA
CHTRACCH,Chilean jack mackerel Chilean EEZ and offshore,12100000,8730000,7070000,6310000,6800000,8060000,9020000,8560000,8610000,8340000,7700000,6760000,5310000,3810000,2770000,2360000,NA,NA,NA,NA,NA,NA,NA,NA,NA,NA,NA,NA
CMACKNWA,Atlantic chub mackerel North West Africa,NA,NA,NA,NA,333000,224000,274000,384000,490000,563000,632000,420000,458000,511000,564000,262000,NA,NA,NA,NA,NA,NA,NA,NA,NA,NA,NA,NA
CMACKPCOAST,Pacific chub mackerel Pacific Coast,NA,NA,NA,NA,NA,NA,NA,NA,NA,NA,NA,NA,NA,63500,68300,42900,36800,69200,44400,35600,30700,22800,41200,25900,71100,NA,NA,NA
CMACKPJPN,Chub mackerel Pacific Coast of Japan,350000,705000,628000,288000,235000,225000,153000,228000,252000,763000,849000,752000,579000,490000,538000,689000,868000,1185000,3411000,3738000,3476000,3807000,4327000,5595000,NA,NA,NA,NA
CMACKTSST,Chub mackerel Tsushima Strait,1292000,1370000,832000,715000,617000,446000,559000,467000,459000,627000,509000,443000,522000,696000,551000,511000,516000,487000,371000,555000,570000,480000,640000,654000,NA,NA,NA,NA
COBGM,Cobia Gulf of Mexico,3920,4410,4630,3830,3590,3390,3080,3180,3020,2680,2740,2670,2580,2800,2970,3150,3020,NA,NA,NA,NA,NA,NA,NA,NA,NA,NA,NA
COD1F-XIV,Atlantic cod NAFO 1F and ICES 14,3929,3928,4133,3802,4152,5523,8315,12382,16772,29657,61953,92155,104167,76394,91681,85822,86630,107146,122503,136036,101780,95202,93747,62429,NA,NA,NA,NA
COD1IN,Atlantic cod NAFO Subarea 1 (inshore),5604,3786,3260,2917,3933,4816,5957,9320,14775,15335,17817,24967,32460,34028,34271,35629,36723,56078,65540,74722,77503,66397,53194,37899,NA,NA,NA,NA
COD2J3KL,Atlantic cod Southern Labrador-Eastern Newfoundland,26000,36000,45000,56000,67000,79000,84000,72000,62000,62000,87000,126000,167000,190000,196000,195000,203000,247000,325000,424000,510000,586000,634000,569000,623000,678000,643000,NA
COD3M,Atlantic cod Flemish Cap,23000,5710,4880,3680,2580,2410,2040,2370,2670,4260,4590,7250,13400,20600,31100,47100,58800,NA,NA,NA,NA,NA,NA,NA,NA,NA,NA,NA
COD3NO,Atlantic cod Southern Grand Banks,2530,4720,2470,17000,14600,20100,9260,4320,6580,5060,6370,8700,9510,9590,30200,7560,7570,NA,NA,NA,NA,NA,NA,NA,NA,NA,NA,NA
COD3Pn4RS,Atlantic cod Northern Gulf of St. Lawrence,21015.783,18740.91,21116.82,21178.055,27096.398,23679.496,28403.762,28446.627,39034.125,35571.297,34456.82,30981.746,29839.719,32227.875,31125.648,33156.9,32000,33066.668,37333.332,48533.332,46400,38400,27733.334,19733.334,11466.667,NA,NA,NA
COD4TVn,Atlantic cod Southern Gulf of St. Lawrence,107087.44,115084.366,123077.095,120435.73,114245.46,116472.975,118700.49,105425.026,86823.41,81070.805,75318.2,71790.306,64268.148,56745.99,39917.427,36827.1935,33736.96,28438.82,27120.9375,25803.055,27601.313,24957.144,22312.975,15236.182,NA,NA,NA,NA
COD4X5Yb,"Atlantic cod Western Scotian Shelf, Bay of Fundy and Gulf of Maine",79640,87721,89304,63780,49323,48023,60074,56341,59617,54150,46578,40285,31905,28111,22104,20744,15364,14122,12157,15072,23396,18979,13588,NA,NA,NA,NA,NA
COD5Zjm,Atlantic cod NAFO 5Zjm,15746,18782,17417,14799,16825,16371,19364,15640,10880,9713,5574,6757,6470,6960,7582,5681,3978,3045,5172,6558,7860,11731,11520,6402,NA,NA,NA,NA
CODBA2224,Atlantic cod Western Baltic,51020,57912,59418,55538,56402,50072,44193,37395,33047,35349,40807,36205,36664,25248,19680,18531,16695,19713,17468,20203,21136,16211,13619,18334,22710,NA,NA,NA
CODBA2532,Atlantic cod Eastern Baltic,238000,210000,181000,149000,135000,151000,142000,129000,122000,112000,104000,128000,126000,155000,193000,203000,198000,233000,NA,NA,NA,NA,NA,NA,NA,NA,NA,NA
CODFAPL,Atlantic cod Faroe Plateau,130603,130909,87404,58971,56820,89092,122156,109352,64266,34896,29187,26336,23516,24337,29309,42956,32623,20888,17981,23907,25377,26634,30990,50357,45612,25400,19466,NA
CODICE,Atlantic cod Iceland Grounds,557000,671000,783000,721000,731000,590000,688000,729000,740000,800000,724000,701000,681000,704000,799000,843000,932000,1050000,1160000,NA,NA,NA,NA,NA,NA,NA,NA,NA
CODIIIaW-IV-VIId,Atlantic cod ICES 3a(west)-4-7d,545331,412793,614068,319567,216068,268527,189111,161366,135954,118729,136803,145551,195404,202943,211352,220369,205010,179019,226202,276946,245937,214346,218059,175062,NA,NA,NA,NA
CODIS,Atlantic cod Irish Sea,16200,18100,17200,12000,9550,7270,7490,6540,4700,4470,3620,3230,2710,2210,2650,3670,3080,3990,5570,7330,8090,8650,NA,NA,NA,NA,NA,NA
CODNEAR,Atlantic cod North-East Arctic,1812051,1676724,1494275,1267417,1151382,1181840,1458686,1615291,1715991,1624920,1559230,1565894,1957213,2702303,3440984,3812243,4014603,4144546,4358560,3939370,3659453,3185130,3155230,2727210,2612690,NA,NA,NA
CODVIa,Atlantic cod West of Scotland,29300,26300,26400,18500,14600,15400,12900,12700,8770,5320,3680,3480,4020,3390,3350,4260,4250,3730,3220,3540,4370,4150,4250,NA,NA,NA,NA,NA
CODVIIek,Atlantic cod Celtic Sea,25999,26362,23366,19564,15994,15182,18815,15870,11249,7174,7503,8922,10391,8954,9142,17703,16985,17047,11300,8523,7817,6418,3639,2678,NA,NA,NA,NA
COWCODSCAL,Cowcod Southern California,587,596,586,589,602,613,636,670,711,749,791,829,867,895,927,958,990,1020,1050,1080,1120,NA,NA,NA,NA,NA,NA,NA
CPRROCKPCOAST,Copper rockfish Pacific Coast,1970,2030,2020,2060,2120,2170,2270,2370,2490,2590,2700,2770,2870,2930,3020,3090,3180,3250,3290,NA,NA,NA,NA,NA,NA,NA,NA,NA
CRLOBSTERSA12,West coast rock lobster South Africa Areas 1-2,358.0655094,383.0845115,389.1623315,391.9188372,453.1408455,473.5724466,500.7137558,507.1669329,511.654327,619.5220032,595.912558,575.7217315,570.6456805,552.4487483,600.1967526,575.2517119,546.0442266,592.7701026,593.4440542,598.2462819,619.3372371,660.1228817,701.6688238,749.0253762,793.6141042,1260.80139,NA,NA
CRLOBSTERSA34,West coast rock lobster South Africa Areas 3-4,1845.071581,2160.644981,2138.338576,2202.657604,2229.832337,2486.692472,2654.629019,2927.831351,3066.302636,3323.062276,3467.965566,3534.804101,3421.299184,3580.998825,3491.188979,3284.359791,3250.892325,3119.179405,3171.147505,3006.8985,2642.211456,2529.101681,2484.792306,2337.719732,2701.371077,2846.103343,NA,NA
CRLOBSTERSA56,West coast rock lobster South Africa Areas 5-6,1200.870084,1351.68468,1395.826154,1398.901218,1408.119469,1568.480228,1656.289363,1766.655912,1756.252254,1800.402423,1815.798753,1863.363504,1854.0444,2140.762152,2334.11353,2384.282214,2539.143739,2462.330903,2560.92837,2530.892753,2497.379049,2578.892178,2729.719606,2719.396908,3157.458736,3351.548595,NA,NA
CRLOBSTERSA7,West coast rock lobster South Africa Area 7,5242.868766,6528.774198,6648.035592,6214.565745,5877.860407,6326.125264,6149.548115,6386.83958,5313.873285,4860.648104,4118.423686,3689.836519,3104.855796,3352.073599,2914.965884,2621.413745,2381.031181,2047.002229,1862.647011,1808.335105,1667.91068,1562.243339,1661.974892,1580.289621,1579.698192,1449.539432,NA,NA
CRLOBSTERSA8,West coast rock lobster South Africa Area 8,12962.02585,15109.18787,15472.20829,14945.32457,13990.7679,15409.18779,15831.17492,16494.30346,15642.37933,15342.57301,13924.37693,12599.71491,9783.968822,9972.398095,9821.96128,9671.100806,9789.340779,8908.48221,8384.575245,7220.171822,6219.855501,5591.324342,5529.377148,4808.689906,6482.322473,6655.205734,NA,NA
CROCKPCOAST,Canary rockfish Pacific Coast,13998.7,14614.6,14990.8,15119.7,15429,16377.9,17824.5,19596.9,21077.9,22550.3,23843.4,25411.9,26847.6,28368.3,29580.9,30373.1,31163.4,32525.4,33040,33977.6,35210,35883.1,36348.8,NA,NA,NA,NA,NA
CROCKWCVANISOGQCI,Canary rockfish West Coast of Vancouver Island and Strait of Georgia and Queen Charlotte Islands,7170,7060,7080,7030,6820,6470,6250,6060,5930,6000,6280,6620,7310,8140,8890,NA,NA,NA,NA,NA,NA,NA,NA,NA,NA,NA,NA,NA
CSARDCSCH,Chilean sardine Central-Southern Chile,761620,1518000,1080200,746840,653870,475590,457800,725490,766550,773620,629360,1310300,1074400,3087000,2846100,1877000,3000800,2747600,1869900,3164100,2252000,1916400,2728000,2809100,1841000,1333000,NA,NA
CTRACSA,Cape horse mackerel South Africa South coast,349297,382933,374698,361147,306274,303308,304781,311452,322324,325862,328069,326161,347261,381912,428267,467790,491352,500194,511720,511300,527537,546556,558024,559356,556646,NA,NA,NA
CUSK4X,Cusk Western Scotian Shelf,18700,18200,19200,17100,18000,18700,19300,16700,11800,15000,14000,13800,16900,NA,NA,NA,NA,NA,NA,NA,NA,NA,NA,NA,NA,NA,NA,NA
CUSKVa-XIV,Tusk ICES 5a-14,31086.86778,29827.67206,28675.76766,28400.33471,28521.67198,26763.82227,27421.72632,28735.81648,29696.00971,31069.17704,33707.85724,36643.79062,38406.60207,39502.84342,39534.07516,39189.4883,37968.72855,37223.26388,35319.60239,34107.04242,32329.40766,31579.95058,32243.6153,34505.89343,37092.90698,NA,NA,NA
DEEPCHAKESA,Deep water cape hake South Africa,381284,409630,408259,398546,365567,343590,324070,320794,312504,295314,293519,307838,325222,322961,332917,351886,363368,362847,363796,369837,372794,382387,375637,365616,361775,363527,NA,NA
DEEPFLATHEADSE,Deepwater flathead Southeast Australia,18300,16700,15400,14800,14600,14600,14400,14100,13000,11400,10200,9750,9910,10100,10600,10900,11000,10800,10500,10300,10400,NA,NA,NA,NA,NA,NA,NA
DKROCKPCOAST,Darkblotched rockfish Pacific Coast,10080.7,9457.74,8979.03,8510.11,7924.3,8048.87,8481.63,9175.04,9886.6,10635.5,11304.2,12026,12648.1,13177.2,13735.2,14284.5,14825.9,15576.5,16313,17137.5,18190.2,19425.9,20713.3,NA,NA,NA,NA,NA
DSOLEGA,Dover sole Gulf of Alaska,123000,121000,120000,117000,115000,113000,114000,118000,119000,122000,123000,124000,125000,126000,126000,125000,124000,123000,123000,125000,141000,NA,NA,NA,NA,NA,NA,NA
DSOLEPCOAST,Dover sole Pacific Coast,597000,613000,627000,641000,656000,668000,679000,691000,704000,714000,722000,726000,726000,719000,708000,696000,685000,NA,NA,NA,NA,NA,NA,NA,NA,NA,NA,NA
DUSROCKGA,Dusky rockfish Gulf of Alaska,65000,69000,71500,74400,78700,79300,81800,85800,88300,90700,93100,94200,93900,91700,88500,85000,81000,77200,71900,67400,63100,NA,NA,NA,NA,NA,NA,NA
DVANGSASC,Devil anglerfish South Africa South coast,8805,8910,9014,9122,9328,9526,9642,9763,9864,9880,9949,9980,9880,10003,9876,9758,9704,9648,9688,9540,9568,9667,9796,9717,NA,NA,NA,NA
DVANGSAWC,Devil anglerfish South Africa West coast,24520,26141,27870,28776,28639,29464,28650,26244,25235,25815,24899,24234,24890,24951,25251,26287,26463,26700,27868,29288,31150,32351,32642,32484,NA,NA,NA,NA
EBASSIVbc-VII,European seabass ICES 4bc-7,20200,21000,20600,20800,21600,22500,24000,25500,27100,28100,29000,29200,29300,29500,29000,28000,25700,23300,20200,16500,14100,12300,10800,NA,NA,NA,NA,NA
ECSOLESASC,East coast sole South Africa South coast,16363,16414,16314,16304,16277,16357,15571,15043,14694,14310,14087,14000,13974,14047,13999,13833,13673,13652,13731,14017,14210,14346,14607,14869,15098,15258,NA,NA
ESOLEHS,English sole Hecate Strait,4540,3910,5510,3010,2900,3110,3410,NA,NA,NA,NA,NA,NA,NA,NA,NA,NA,NA,NA,NA,NA,NA,NA,NA,NA,NA,NA,NA
ESOLEPCOAST,English sole Pacific Coast,23700,25400,28000,33100,41400,49600,56800,64700,69400,72100,72800,71800,69900,NA,NA,NA,NA,NA,NA,NA,NA,NA,NA,NA,NA,NA,NA,NA
EULAPCOASTCCDU,Eulachon Pacific Coast of Canada Central Coast Designatable Unit,NA,NA,NA,NA,NA,19.3,24.7,57.6,81.4,86.9,23,71.5,60.3,34.1,130,38.1,157,75.6,NA,NA,NA,NA,NA,NA,NA,NA,NA,NA
EULAPCOASTFRDU,Eulachon Pacific Coast of Canada Fraser River Designatable Unit,NA,NA,NA,NA,NA,11.6,29.4,68.7,129,125,37.2,33.5,15.2,12.4,45.2,44.7,90.8,47.7,NA,NA,NA,NA,NA,NA,NA,NA,NA,NA
EULAPCOASTNSDU,Eulachon Pacific Coast of Canada Nass / Skeena Designatable Unit,NA,NA,NA,NA,NA,18,21.1,64.3,86,89.1,24.4,56.1,45.3,26,98,30.7,137,70.6,NA,NA,NA,NA,NA,NA,NA,NA,NA,NA
FLSOLEBSAI,Flathead sole Bering Sea and Aleutian Islands,953000,940000,913000,883000,855000,826000,812000,803000,783000,785000,788000,811000,813000,810000,795000,776000,752000,738000,710000,739000,738000,NA,NA,NA,NA,NA,NA,NA
FLSOLEGA,Flathead sole Gulf of Alaska,219000,220000,220000,220000,219000,219000,219000,221000,223000,225000,227000,229000,231000,233000,235000,235000,234000,234000,237000,241000,258000,NA,NA,NA,NA,NA,NA,NA
FMEG8c9a,Fourspotted megrim ICES 8c-9a,5909,5202,4421,5040,4562,4421,3823,4158,4740,5006,4921,5670,5486,6019,5995,6439,6056,7568,6466,7282,7758,7776,8183,7878,NA,NA,NA,NA
FSCADNWA,False scad North West Africa,NA,NA,NA,NA,NA,NA,NA,NA,NA,NA,NA,NA,242000,64000,105000,99000,NA,NA,NA,NA,NA,NA,NA,NA,NA,NA,NA,NA
GAGSATLC,Gag Southern Atlantic coast,2930,2650,2420,2280,2220,2240,2450,2660,2790,2640,2470,2350,2260,2130,2310,2440,2490,2620,NA,NA,NA,NA,NA,NA,NA,NA,NA,NA
GEMFISHNZ,Common gemfish New Zealand,15100,13100,11100,9280,8280,7620,7260,7100,7090,7180,7470,8020,NA,NA,NA,NA,NA,NA,NA,NA,NA,NA,NA,NA,NA,NA,NA,NA
GEMFISHSE,Common gemfish Southeast Australia,4140,3570,2910,2350,2060,1930,1950,2110,2590,3290,3680,3780,3770,NA,NA,NA,NA,NA,NA,NA,NA,NA,NA,NA,NA,NA,NA,NA
GHAL23KLMNO,Greenland halibut Labrador Shelf - Grand Banks,76800,76800,73900,87200,103000,111000,112000,98000,89600,74900,75600,76500,NA,NA,NA,NA,NA,NA,NA,NA,NA,NA,NA,NA,NA,NA,NA,NA
GHALBSAI,Greenland halibut Bering Sea and Aleutian Islands,149000,136000,126000,115000,102000,92900,83100,75600,70900,67800,66000,64100,62700,61300,59700,58400,60700,69300,80900,97400,122000,NA,NA,NA,NA,NA,NA,NA
GHALNEAR,Greenland halibut North-East Arctic,516000,536000,542000,547000,544000,539000,535000,532000,531000,528000,522000,525000,539000,564000,597000,630000,656000,675000,683000,684000,678000,666000,NA,NA,NA,NA,NA,NA
GOLDREDNEAR,Golden redfish North-East Arctic,111000,106000,99800,90900,80900,74400,71100,68000,66000,64000,61700,58900,55600,52700,49800,45200,42500,40400,37900,36500,35900,35000,34400,NA,NA,NA,NA,NA
GOLDREDV-VI-XII-XIV,Golden redfish ICES 5-6-12-14,301000,307000,307000,309000,306000,301000,307000,308000,321000,337000,354000,376000,391000,414000,445000,481000,502000,515000,519000,510000,500000,479000,459000,434000,NA,NA,NA,NA
GOPHERSPCOAST,Gopher rockfish Southern Pacific Coast,2730,2970,3000,2950,2930,2890,2940,2850,2780,2630,2570,NA,NA,NA,NA,NA,NA,NA,NA,NA,NA,NA,NA,NA,NA,NA,NA,NA
GPOCTOGA,Giant Pacific octopus Gulf of Alaska,1540,1660,1430,1230,1060,1140,1230,1980,3210,2160,1450,1830,2320,2940,3720,4180,4690,3780,3040,6110,12300,NA,NA,NA,NA,NA,NA,NA
GRAMBERGM,Greater amberjack Gulf of Mexico,2570,2690,2370,2380,2420,2750,3460,4310,4430,3750,3170,2870,2930,3460,3940,4010,3920,3860,NA,NA,NA,NA,NA,NA,NA,NA,NA,NA
GRAMBERSATLC,Greater amberjack Southern Atlantic coast,6320,6030,5710,5880,6170,6060,7110,7840,7750,6950,5940,5620,NA,NA,NA,NA,NA,NA,NA,NA,NA,NA,NA,NA,NA,NA,NA,NA
GRNSTROCKPCOAST,Greenstriped rockfish Pacific Coast,23300,23100,22900,22400,21800,22000,22700,23500,24200,25100,25900,26900,27800,28500,29200,NA,NA,NA,NA,NA,NA,NA,NA,NA,NA,NA,NA,NA
GRSPROCKNCAL,Greenspotted rockfish Northern Pacific Coast,752,704,644,647,679,702,733,775,828,883,937,990,1040,1090,1140,1190,NA,NA,NA,NA,NA,NA,NA,NA,NA,NA,NA,NA
GRSPROCKSCAL,Greenspotted rockfish Southern Pacific Coast,1290,1270,1290,1330,1360,1400,1450,1500,1560,1630,1680,1720,1770,1820,1870,1920,NA,NA,NA,NA,NA,NA,NA,NA,NA,NA,NA,NA
GTRIGGM,Gray triggerfish Gulf of Mexico,9050,8150,7970,7980,8250,8710,9270,9490,9250,8610,7750,7220,6960,6820,6790,6710,6560,6070,5780,NA,NA,NA,NA,NA,NA,NA,NA,NA
HAD3LNO,Haddock Grand Banks,NA,3090,4580,5060,19100,16400,9650,7150,3710,7180,2860,11000,19300,15300,25800,19100,11200,14600,16400,NA,NA,NA,NA,NA,NA,NA,NA,NA
HAD4X5Y,"Haddock Western Scotian Shelf, Bay of Fundy and Gulf of Maine",49300,83100,45200,43500,56400,60200,85400,65800,67900,40300,43500,46600,54800,43300,60800,45500,47900,29000,36600,42900,NA,NA,NA,NA,NA,NA,NA,NA
HAD5Y,Haddock Gulf of Maine,3240,4120,6370,8270,8930,11600,16300,18900,16200,14100,12000,9310,7960,5620,4650,3650,2580,NA,NA,NA,NA,NA,NA,NA,NA,NA,NA,NA
HADFAPL,Haddock Faroe Plateau,51155,94533,101508,84931,71259,104354,144583,154312,130447,116355,83699,58359,39320,27567,18832,18283,16216,14279,14666,15278,22980,32478,46940,63544,90093,NA,NA,NA
HADICE,Haddock Iceland Grounds,91664,73657,62686,55132,58498,65450,68080,94392,123728,188076,190489,155387,147457,160217,145288,112353,105077,114737,123441,107624,116618,106581,97278,122611,NA,NA,NA,NA
HADIS,Haddock Irish Sea,7766,33526,16949,17429,18457,7492,17826,8406,11853,15079,13292,12838,10448,7608,12881,8770,9803,8646,39538,25239,31794,26350,28282,28668,NA,NA,NA,NA
HADNEAR,Haddock North-East Arctic,644167,558229,401333,267143,234355,215181,318320,436993,507802,495396,511448,439250,504223,737436,996238,1131245,1178945,1175963,1006689,985520,876208,804696,702343,618554,695897,719838,643906,NA
HADNS-IIIa-VIa,Haddock ICES 3a-4-6a,857946.9036,778033.0646,744782.8362,581082.144,1527159.926,2166169.264,1146194.794,772195.4438,546694.165,452129.7745,1019145.852,764794.2498,556457.2594,467072.8844,797908.2277,495608.4011,418762.6711,407263.1187,350159.9149,510595.4835,529577.4249,550739.7637,460810.6741,415905.5371,509662.7311,NA,NA,NA
HADROCK,Haddock Rockall Bank,48513,44403,40589,43790,36338,22789,21243,36331,38443,27686,21446,26901,27314,22368,14298,12056,8628,10547,10975,17434,22474,26020,43365,53527,58034,NA,NA,NA
HADVIIb-k,Haddock ICES 7b-k,46077.39582,46746.33828,37906.13006,31453.39561,32453.56263,45714.00229,54817.61369,72030.63856,66415.07645,63780.62528,55039.97475,47752.66116,65603.76297,77947.82242,137392.7456,130466.8898,99511.03955,74113.7983,75657.38094,65868.31917,76360.18599,66624.18324,49119.31501,74659.34855,NA,NA,NA,NA
HAKENRTN,Hake ICES 3a-4-6-7-8abd,57792,52776,45173,42728,47023,52250,51791,54517,59642,61790,57585,53571,59328,73294,114996,186932,239615,255481,265216,298994,338241,357907,340727,339643,NA,NA,NA,NA
HAKESOTH,Hake ICES 8c-9a,14360.31698,12084.8324,10696.23554,10755.62959,12010.07841,12588.58898,13186.1323,12387.78887,12695.62208,12526.82552,13875.50837,17545.72247,19613.76877,21364.07046,23785.31386,22955.07877,23058.99594,19635.39749,19734.2169,19421.98903,18965.63851,18826.75075,17474.89979,20987.74513,NA,NA,NA,NA
HAKESPPSAF,Hake spp Southern Africa,983086,951771,915113,896391,894068,825483,796600,781255,860762,870229,878026,875753,902733,947252,985799,982705,966219,959477,975249,1003450,1133480,1469700,1779850,1994990,2426180,NA,NA,NA
HERR2224IIIa,Herring ICES 22-24-3a,310882,274398,280206,266555,272034,256410,277696,294439,222932,221749,208597,223781,171371,152469,141308,126606,115018,124242,140170,148422,150846,135468,130734,114957,NA,NA,NA,NA
HERR2529-32,Herring Subdivisions 25-29 and 32,1076010,975482,853378,824753,685629,775387,705682,690405,794924,725093,770277,914459,951002,1149938,1180933,1176053,1076407,1215156,1255708,1306754,1426997,1234693,1330216,1379633,NA,NA,NA,NA
HERR30-31,Herring Subdivisions 30-31,596000,569000,543000,516000,491000,435000,430000,444000,461000,478000,484000,488000,514000,505000,573000,598000,597000,658000,709000,736000,741000,704000,NA,NA,NA,NA,NA,NA
HERR4RSP,Herring NAFO division 4R (Spring spawners),48400,48600,49500,54100,63800,72400,76500,77100,65700,64300,NA,NA,NA,NA,NA,NA,NA,NA,NA,NA,NA,NA,NA,NA,NA,NA,NA,NA
HERR4VWX,Herring Scotian Shelf and Bay of Fundy,156000,161000,179000,181000,164000,164000,168000,166000,154000,116000,96300,91700,NA,NA,NA,NA,NA,NA,NA,NA,NA,NA,NA,NA,NA,NA,NA,NA
HERRCC,Pacific herring Central Coast,40300,54000,62500,60700,57800,51000,44800,53800,53700,58100,42600,32700,22200,31500,26300,32700,20900,23900,29500,43000,48900,NA,NA,NA,NA,NA,NA,NA
HERRHG,Pacific herring Haida Gwaii,28200,35600,68300,41600,30500,21800,18500,30700,20600,24200,17000,22900,17700,24300,16200,22600,20600,43700,35200,33900,27200,NA,NA,NA,NA,NA,NA,NA
HERRIsum,Herring Iceland (Summer spawners),464000,350000,371000,370000,378000,396000,361000,545000,628000,693000,821000,934000,875000,944000,969000,745000,519000,555000,493000,460000,438000,NA,NA,NA,NA,NA,NA,NA
HERRNIRS,Herring Irish Sea,29466,24441,23506,26742,22629,19867,19932,19206,22629,24612,27889,36864,65251,59101,61636,63831,56162,54122,44312,56331,59516,50970,48630,54885,NA,NA,NA,NA
HERRNORSS,Herring ICES 1-2-4a-5-14a (Norwegian Spring Spawners),8413000,8658000,8311000,7126000,6611000,6519000,6094000,6336000,6858000,9359000,9633000,11218000,10688000,10936000,10135000,8704000,7690000,7099000,6687000,6237000,6256000,6114000,5918000,5662000,5317000,NA,NA,NA
HERRNS-IIIa-VIId,Herring ICES 3a-4-7d,3520559,3459214,3529498,3821681,3795927,4668472,5272611,6235461,6587881,5525183,4637352,3924472,3270134,3306520,3773138,4582165,4617809,4629001,4470275,4772852,5039562,4976585,4125961,3808857,3243613,NA,NA,NA
HERRNWATLC,Herring Northwestern Atlantic Coast,1540000,1830000,1510000,1370000,1530000,1400000,1290000,1250000,1330000,1140000,995000,1080000,963000,972000,1940000,1520000,1320000,NA,NA,NA,NA,NA,NA,NA,NA,NA,NA,NA
HERRPRD,Pacific herring Prince Rupert District,45600,49400,52700,41200,47200,48200,45900,60100,52300,44200,33800,41300,33200,33900,34700,41200,38400,42500,36300,39400,56300,NA,NA,NA,NA,NA,NA,NA
HERRRIGA,Herring Gulf of Riga East of Gotland,166685,167612,133755,120165,136313,132430,156552,143697,156605,120679,124884,144112,127294,158286,150764,141524,131509,152266,182693,162758,156370,153567,151820,177796,NA,NA,NA,NA
HERRSIRS,Herring ICES 7a-g-h-j-k,155000,121000,109000,86600,92500,93600,91100,110000,73100,81900,139000,124000,142000,143000,196000,195000,215000,192000,164000,140000,99100,75100,61300,NA,NA,NA,NA,NA
HERRSITKA,Pacific herring Sitka,52300,46100,57300,56700,58800,66900,89700,118000,131000,132000,113000,107000,98400,NA,NA,NA,NA,NA,NA,NA,NA,NA,NA,NA,NA,NA,NA,NA
HERRSOG,Pacific herring Strait of Georgia,229000,267000,255000,200000,197000,217000,280000,289000,266000,223000,214000,219000,163000,143000,121000,147000,165000,167000,194000,185000,232000,NA,NA,NA,NA,NA,NA,NA
HERRTOG,Pacific herring Togiak District,135000,123000,113000,110000,142000,119000,109000,109000,114000,130000,98500,118000,122000,124000,110000,133000,NA,NA,NA,NA,NA,NA,NA,NA,NA,NA,NA,NA
HERRVIaVIIbc,Herring ICES 6a7bc,688000,569000,570000,653000,678000,734000,784000,847000,838000,713000,657000,702000,681000,625000,637000,631000,533000,502000,396000,292000,240000,169000,162000,NA,NA,NA,NA,NA
HERRWCVANI,Pacific herring West Coast of Vancouver Island,67400,119000,105000,71600,53700,56400,73000,79500,65000,49800,31200,28700,19600,21900,16400,24200,18900,19000,32600,34300,56400,NA,NA,NA,NA,NA,NA,NA
HMACKIIa-IVa-Vb-VIa-VII-VIII,Horse mackerel ICES 2a-4a-5b-6a-7-8,2970000,2620000,2390000,2010000,1810000,1630000,1540000,1570000,1700000,1780000,1840000,1820000,1770000,1720000,1670000,1590000,1460000,1320000,1190000,1080000,1000000,1010000,1070000,NA,NA,NA,NA,NA
HMACKNWA,Horse mackerel North West Africa,308000,359000,393000,275000,178000,183000,200000,253000,286000,196000,140000,41900,218000,235000,195000,153000,NA,NA,NA,NA,NA,NA,NA,NA,NA,NA,NA,NA
JAMBERJPN,Japanese amberjack Japan,141000,122000,120000,115000,138000,164000,149000,143000,161000,157000,148000,178000,171000,176000,206000,261000,269000,281000,294000,NA,NA,NA,NA,NA,NA,NA,NA,NA
JANCHOPJPN,Japanese anchovy Pacific Coast of Japan,679000,612000,770000,1080000,1030000,914000,1070000,1230000,1490000,1120000,974000,929000,815000,773000,850000,722000,572000,577000,625000,NA,NA,NA,NA,NA,NA,NA,NA,NA
JANCHOSETO,Japanese anchovy Inland Sea of Japan,122000,114000,100000,132000,190000,197000,196000,234000,207000,176000,179000,214000,188000,381000,343000,244000,258000,254000,272000,268000,256000,276000,309000,208000,NA,NA,NA,NA
JANCHOTSST,Japanese anchovy Tsushima Strait,211000,223000,199000,306000,264000,257000,130000,141000,156000,139000,159000,178000,247000,208000,138000,151000,128000,106000,101000,120000,128000,103000,102000,88000,NA,NA,NA,NA
JCSQUIDJPNAR,Japanese flying squid Japan Autumn recruitment,1290000,1190000,1770000,689000,1500000,1870000,1770000,2040000,1370000,982000,1320000,1290000,910000,1710000,1490000,1190000,1350000,1410000,1150000,2350000,NA,NA,NA,NA,NA,NA,NA,NA
JCSQUIDJPNWR,Japanese flying squid Japan Winter recruitment,788000,1330000,1050000,513000,612000,906000,861000,777000,825000,883000,833000,641000,1160000,985000,1180000,888000,1100000,864000,838000,823000,NA,NA,NA,NA,NA,NA,NA,NA
JMACKPJPN,Japanese jack mackerel Pacific Coast of Japan,149000,162000,143000,127000,119000,125000,139000,111000,108000,111000,100000,89000,80000,74000,56000,61000,65000,68000,69000,53000,44000,49000,49000,44000,38000,NA,NA,NA
JMACKTSST,Japanese jack mackerel Tsushima Strait,520000,503000,518000,528000,419000,382000,280000,348000,530000,543000,448000,448000,416000,389000,383000,379000,391000,346000,351000,380000,429000,386000,423000,430000,418000,NA,NA,NA
JPUFFIMKB,Japanese pufferfish Ise and Mikawa Bay,181,131,152,156,255,543,458,860,449,240,169,296,376,313,391,230,160,131,132,NA,NA,NA,NA,NA,NA,NA,NA,NA
JPUFFSOJECSSI,Japanese pufferfish Sea of Japan and East China Sea and Seto Inland sea,NA,NA,NA,NA,NA,NA,NA,968,903,878,960,1050,988,902,920,902,915,854,829,NA,NA,NA,NA,NA,NA,NA,NA,NA
KCROCKNPAC,Kichiji rockfish North Pacific,1420,1520,1820,1600,2500,2590,2560,3080,3210,3140,3770,3620,4700,5230,5170,6420,6230,5930,6470,NA,NA,NA,NA,NA,NA,NA,NA,NA
KELPGREENLINGORECOAST,Kelp greenling Oregon Coast,990,925,889,958,974,966,1290,1450,1410,1330,1230,1150,990,1020,1110,1490,1590,1420,1230,1130,1130,NA,NA,NA,NA,NA,NA,NA
KINGKLIPSASC,Kingklip South Africa South coast,25560,25557,24836,23908,23775,23187,22939,21992,20631,19233,17874,17222,17093,17105,17000,17222,17336,17639,17575,16816,16527,16378,16460,16366,16445,NA,NA,NA
KINGKLIPSAWC,Kingklip South Africa West coast,33217,34393,35731,36708,38127,38986,39725,39995,40507,41424,42439,43498,45016,46802,48701,50513,52013,53365,54333,55355,56607,57766,58843,60565,62463,NA,NA,NA
KMFLOUNBSAI,Kamchatka flounder Bering Sea and Aleutian Islands,104000,107000,110000,113000,116000,119000,122000,126000,130000,138000,145000,154000,163000,172000,175000,172000,160000,161000,163000,168000,NA,NA,NA,NA,NA,NA,NA,NA
LINGCODNPCOAST,Lingcod Northern Pacific Coast,16085,15377.6,14859.6,13745.6,14746.2,15751.8,16640.8,18068.3,20391.5,22635.8,23759.6,23945,23973.8,23492.5,23078.1,23040.7,27371,29480,31301.8,31649.6,31634.1,33759.1,34063.8,NA,NA,NA,NA,NA
LINGCODSPCOAST,Lingcod Southern Pacific Coast,3787.97,3479.12,3478.97,3065.75,3712.44,3806.36,4024.57,5760.73,6767.85,7114.38,7734.46,8037.98,7848.67,7512.83,7046.64,6591.28,6577.99,6674.93,7594.03,8498.22,9558.85,11049,11609.7,NA,NA,NA,NA,NA
LINGVa,Ling Iceland Grounds,14900,14900,15200,15200,14200,14300,15600,17600,19200,21400,24700,28000,30900,34600,37700,42300,47200,53900,57700,60000,58700,56100,NA,NA,NA,NA,NA,NA
LISQUIDATLC,Longfin inshore squid Atlantic Coast,43300,25800,70800,33900,106000,176000,59700,154000,80600,51100,63900,142000,74900,69100,39800,NA,NA,NA,NA,NA,NA,NA,NA,NA,NA,NA,NA,NA
LNOSESKAGA,Longnose skate Gulf of Alaska,23200,26000,28900,32200,35800,36700,37500,38400,39400,39800,40300,38100,36000,36200,36500,36300,36100,39000,42200,42100,42000,42100,42100,38100,34500,NA,NA,NA
LNOSESKAPCOAST,Longnose skate Pacific Coast,75300,75500,74700,72900,72600,71800,70800,70700,71300,71000,71400,71400,71200,NA,NA,NA,NA,NA,NA,NA,NA,NA,NA,NA,NA,NA,NA,NA
LSTHORNHPCOAST,Longspine thornyhead Pacific Coast,57900,53600,50300,48200,48300,49000,50300,51900,53100,54600,57300,59900,62400,64600,66100,67200,67700,68300,NA,NA,NA,NA,NA,NA,NA,NA,NA,NA
MACKNEICES,Mackerel ICES Northeast Atlantic,3182016,2936630,2905180,2831671,3122725,3129451,2956001,3072022,3287812,3576852,3241790,3303545,3386745,3903342,4329546,4576611,5130019,5016722,5203878,6399672,6278057,5932429,5773203,5684879,NA,NA,NA,NA
MACKNWATLSA3-4,Mackerel Northwest Atlantic (NAFO Subareas 3 and 4),111000,111000,108000,70800,72400,271000,251000,241000,198000,272000,235000,238000,167000,101000,83000,58900,42200,19400,13400,NA,NA,NA,NA,NA,NA,NA,NA,NA
MEG8c9a,Megrim ICES 8c-9a,1319,1647,1579,1485,1204,1306,1010,930,1058,919,956,913,856,716,710,909,1255,1241,1108,1134,1236,1830,2237,2290,NA,NA,NA,NA
MEGVII-VIIIabd,Megrim ICES 7-8abd,76075.48311,67751.8247,77113.1439,79363.49035,67633.39174,71082.99279,76958.17784,69335.70904,64408.88915,57643.90358,55321.90257,55932.29054,62395.02317,66221.01262,79521.36949,70548.68847,61949.84333,60702.65344,69544.7053,83078.41311,76331.33921,91751.09478,103845.4714,150652.8723,NA,NA,NA,NA
MENATGM,Gulf menhaden Gulf of Mexico,1125344.664,1538075.46,1755895.777,1529464.451,1978460.687,2055752.422,1847453.816,1806882.871,1435406.047,1571629.122,1821165.438,1649132.272,2193341.551,2719401.848,1772211.159,1677242.054,2525158.133,2697646.649,2611743.904,2117854.956,2181547.152,2095644.407,2426794.225,2037168.417,2372851.415,1838163.847,2395972.666,NA
MENATLAN,Atlantic menhaden Atlantic,3378881.792,3060573.189,2660797.142,2360104.22,3153561.078,3138004.216,3017703.495,3368750.136,3196077.486,2941779.019,2349972.564,2706996.68,3290965.822,3007571.839,3050206.008,2964819.907,4264855.489,4033833.435,3325644.916,3013155.417,2747218.744,3080966.446,2541531.921,2357062.692,2818830.667,3909220.162,4551063.595,NA
MONKGOMNGB,Monkfish Gulf of Maine / Northern Georges Bank,42000,39900,38200,39700,45300,51500,57900,61100,60800,51700,43700,39100,39100,42300,47300,53500,60500,NA,NA,NA,NA,NA,NA,NA,NA,NA,NA,NA
MONKSGBMATL,Monkfish Southern Georges Bank / Mid-Atlantic,110000,109000,108000,105000,103000,106000,111000,115000,120000,121000,123000,125000,125000,125000,124000,118000,111000,NA,NA,NA,NA,NA,NA,NA,NA,NA,NA,NA
MORWONGESE,Jackass morwong Eastern half of Southeast Australia,8809.84,8377.79,8003.5,7311.02,6607.05,5831.37,5397,5158.36,4914.97,4575.21,4237.39,3945.52,3606.42,3360.33,2888.08,2607.78,2369.61,2168.38,1903.34,1723.89,1660.92,1682.12,1635.22,1598.54,1574.65,1528.22,NA,NA
MORWONGWSE,Jackass morwong Western half of Southeast Australia,2941.13,2857.34,2838.67,2769.41,2748.72,2667.93,2570.78,2292.8,2083.02,1949.66,1800.55,1646.03,1494.83,1444.61,1428.36,1491.68,1600.93,1668.05,1790.61,1924.7,2084.45,2231.9,2338.13,NA,NA,NA,NA,NA
MULLQNSW,Sea mullet Queensland and New South Wales,17100,14500,14100,14200,17100,21000,29200,34200,35200,NA,NA,NA,NA,NA,NA,NA,NA,NA,NA,NA,NA,NA,NA,NA,NA,NA,NA,NA
MUTSNAPSATLCGM,Mutton snapper Southern Atlantic coast and Gulf of Mexico,3620,3680,3780,3830,3840,3970,4200,4470,4590,4620,4630,4750,4800,4910,4840,5010,5090,5230,5210,NA,NA,NA,NA,NA,NA,NA,NA,NA
NEPHMEDGSA11,Norway lobster Sardinia,NA,NA,NA,NA,NA,NA,NA,NA,NA,NA,96.5,140,140,176,147,129,137,121,81.8,77.5,74.6,NA,NA,NA,NA,NA,NA,NA
NEPHMEDGSA17-18,"Norway lobster Adriatic Sea (GSA 17,18)",8220,8050,6870,5610,4310,4130,3780,3670,5140,5470,6400,5880,5090,4530,4380,3590,2780,2540,2870,2560,2430,NA,NA,NA,NA,NA,NA,NA
NEPHMEDGSA5,Norway lobster Balearic Island,NA,NA,NA,NA,NA,NA,NA,87.1,87.3,86.3,85.3,88.9,105,110,101,99.9,100,NA,NA,NA,NA,NA,NA,NA,NA,NA,NA,NA
NEPHMEDGSA9,Norway lobster Ligurian and North Tyrrhenian Sea,NA,NA,NA,NA,NA,NA,NA,NA,NA,NA,973,969,788,773,764,629,639,587,518,512,638,NA,NA,NA,NA,NA,NA,NA
NPOUTIIIa-IV,Norway pout ICES 3a-4,741371,441824,741544,317004,330490,683651,309500,205467,129575,75145,67081,199832,177763,265023,420907,593596,214067,133796,331569,164348,430029,228864,287687,152275,405574,657441,477772,NA
NROCKBSAI,Northern rockfish Bering Sea and Aleutian Islands,240000,242000,240000,245000,248000,250000,253000,252000,252000,251000,248000,246000,243000,239000,236000,232000,226000,223000,221000,220000,NA,NA,NA,NA,NA,NA,NA,NA
NROCKGA,Northern rockfish Gulf of Alaska,159000,155000,154000,153000,153000,151000,150000,150000,149000,145000,141000,136000,130000,124000,118000,111000,105000,99800,93000,86800,81900,NA,NA,NA,NA,NA,NA,NA
NRSOLEEBSAI,Northern rock sole Eastern Bering Sea and Aleutian Islands,1540000,1590000,1640000,1620000,1620000,1580000,1530000,1500000,1470000,1470000,1490000,1590000,1700000,1690000,1640000,1580000,1580000,1530000,1450000,1370000,1270000,NA,NA,NA,NA,NA,NA,NA
NRSOLEGA,Northern rock sole Gulf of Alaska,88500,86100,82400,80300,80600,82500,84200,88700,93100,96600,98000,96900,94700,92200,88900,85100,81800,78200,75000,74200,75600,NA,NA,NA,NA,NA,NA,NA
NSHRIMPCSCH,Nylon shrimp Central-Southern Chile,24000,20300,15200,11200,10500,13200,18100,23800,30700,37000,43200,48300,52000,54000,55100,56600,56200,54400,51400,47000,42300,37900,NA,NA,NA,NA,NA,NA
NSHRIMPNCH,Nylon shrimp Northern Chile,21400,21900,22400,21400,21200,17900,15600,14300,13800,14100,14100,14400,14300,14100,13500,12900,12900,12900,13000,12800,12900,13000,NA,NA,NA,NA,NA,NA
NZLINGESE,Ling Southeast Australia,9680,9510,9260,9360,9180,8270,7590,7100,6520,5840,5320,4730,4260,NA,NA,NA,NA,NA,NA,NA,NA,NA,NA,NA,NA,NA,NA,NA
NZLINGLIN6b,Ling New Zealand Areas LIN 6b,14100,14400,14700,14700,14300,13300,12000,11000,10300,9540,9390,9520,NA,NA,NA,NA,NA,NA,NA,NA,NA,NA,NA,NA,NA,NA,NA,NA
NZLINGLIN72,Ling New Zealand Areas LIN 72,6670,6840,6940,7060,7000,6990,6920,6830,6640,6280,5930,5720,5590,NA,NA,NA,NA,NA,NA,NA,NA,NA,NA,NA,NA,NA,NA,NA
NZLINGLIN7WC,Ling New Zealand Areas LIN 7WC-WCSI,76400,75700,74700,73900,72500,71300,69900,69500,69700,72600,79600,86700,92100,96400,NA,NA,NA,NA,NA,NA,NA,NA,NA,NA,NA,NA,NA,NA
NZLINGWSE,Ling Western half of Southeast Australia,15000,16300,17000,17400,16700,15900,14900,13500,12000,10700,9500,8470,7760,NA,NA,NA,NA,NA,NA,NA,NA,NA,NA,NA,NA,NA,NA,NA
OFLOUNECS,Japanese flounder East China Sea,3630,3650,3270,2880,2670,2750,2790,2920,3140,3240,3290,3650,3630,3610,3490,3490,3430,3410,3170,NA,NA,NA,NA,NA,NA,NA,NA,NA
OFLOUNNSJ,Japanese flounder Sea of Japan North,NA,NA,NA,NA,2320,2320,2400,2370,2470,2440,2510,2750,2780,2710,2490,2530,2290,2080,2210,NA,NA,NA,NA,NA,NA,NA,NA,NA
OFLOUNPAC,Japanese flounder Pacific Ocean,NA,NA,NA,NA,NA,NA,NA,NA,NA,NA,NA,4030,3140,4250,4420,3270,4750,7190,NA,NA,NA,NA,NA,NA,NA,NA,NA,NA
OFLOUNSETO,Japanese flounder Inland Sea of Japan,2830,2860,2820,2940,2870,2710,2690,2660,2610,2710,2680,2640,2520,2400,2220,2180,2180,2180,2170,NA,NA,NA,NA,NA,NA,NA,NA,NA
OROUGHYCASCADE,Orange roughy Cascade Plateau,86800,86800,85900,84800,83300,81800,80300,79000,77700,76300,75000,74000,NA,NA,NA,NA,NA,NA,NA,NA,NA,NA,NA,NA,NA,NA,NA,NA
OROUGHYCH,Orange roughy Chile,NA,NA,NA,NA,31200,30500,29300,27300,25500,24400,23100,22600,22500,22800,23100,23300,23600,NA,NA,NA,NA,NA,NA,NA,NA,NA,NA,NA
OROUGHYSE,Orange roughy Southeast Australia,60000,60200,60800,61400,62100,62800,63500,64200,65100,66700,68200,69600,71100,72900,74600,76100,77700,79100,80500,NA,NA,NA,NA,NA,NA,NA,NA,NA
PACBTUNA,Pacific bluefin tuna Pacific Ocean,94279,96463,90349,95977,92232,76795,78052,76110,68707,66433,55778,43912,43765,39646,35135,38053,38901,41058,49383,47864,52725,62069,71228,82212,NA,NA,NA,NA
PANCHCCH,Peruvian anchoveta Central Chile,514690,315370,184510,279730,242910,187260,112390,144190,313650,287850,253730,337220,263470,213770,234720,206670,316500,282010,217640,155130,102500,157760,193290,229320,383360,538270,NA,NA
PANCHCSCH,Peruvian anchoveta Central-Southern Chile,NA,NA,1557700,380750,669670,502520,647350,759600,1805300,1667000,1735700,1675600,1551300,1089100,795160,433410,228700,145380,163950,206620,214120,290990,450090,415500,581470,824040,NA,NA
PANCHNCHSP,Peruvian anchoveta Northern Chile Southern Peru,4574700,3497100,3029100,1503600,1995100,3023300,1196700,1352200,1316900,2387600,2572100,1662900,2412200,1234600,1087600,1608600,2484400,963050,1315700,1660200,988240,547400,1535100,1600500,2069000,NA,NA,NA
PANCHPERUNC,Peruvian anchoveta North-Central Peruvian coast,7600000,7240000,10400000,4090000,6070000,10200000,12200000,11200000,9680000,12200000,13800000,8670000,10100000,11800000,8820000,8780000,11500000,10300000,13100000,6640000,10200000,NA,NA,NA,NA,NA,NA,NA
PANDALGOM,Northern shrimp Gulf of Maine,27289,20485,15053,14140,14115,16472,12115,43817,19209,13670,25381,45698,46260,40863,33824,39775,19828,7779,3535,5050,4303,6668,2495,2592,2096,2728,NA,NA
PANDALIIIaW-IVaE,Northern shrimp ICES 3a(west)-4a(east),38900,38200,41200,37900,31500,30800,30300,36700,41900,44400,40900,43300,46300,44000,34200,23800,18300,17900,19000,29400,NA,NA,NA,NA,NA,NA,NA,NA
PANDALSFA13-15,Northern shrimp Eastern Scotian Shelf (SFA 13-15),23600,29200,26400,32500,36600,31900,25000,20800,28100,48400,44400,37800,38400,30900,45400,37200,30500,28000,NA,NA,NA,NA,NA,NA,NA,NA,NA,NA
PANDALSFA5,Northern shrimp Shrimp Fishing Area 5,NA,152000,128000,86000,106000,NA,249000,NA,NA,186000,NA,188000,NA,159000,NA,179000,176000,176000,NA,NA,NA,NA,NA,NA,NA,NA,NA,NA
PANDALSFA6,Northern shrimp Shrimp Fishing Area 6,NA,500000,429000,462000,523000,577000,654000,606000,600000,657000,673000,895000,758000,635000,404000,360000,483000,395000,NA,NA,NA,NA,NA,NA,NA,NA,NA,NA
PANDALSMA16,Ocean shrimp Shrimp Management Area 16,NA,NA,NA,114,91.8,119,108,154,75.5,78.2,NA,NA,90,315,332,113,94.1,NA,NA,NA,NA,NA,NA,NA,NA,NA,NA,NA
PANDALSMA18-19,Ocean shrimp Shrimp Management Areas 18 and 19,NA,NA,NA,137,235,785,144,196,NA,29.1,NA,100,201,285,50.9,19.1,55.6,NA,NA,NA,NA,NA,NA,NA,NA,NA,NA,NA
PANDALSMAGTSE,Ocean shrimp Shrimp Management Area GTSE,NA,NA,NA,614,257,248,582,447,428,379,NA,NA,374,200,227,375,243,NA,NA,NA,NA,NA,NA,NA,NA,NA,NA,NA
PANDALSMAPRD,Ocean shrimp Shrimp Management Area PRD,NA,NA,NA,848,2080,704,1030,638,978,554,1030,1160,1050,1410,1600,1150,1210,NA,NA,NA,NA,NA,NA,NA,NA,NA,NA,NA
PATCODARGS,Patagonian cod Southern Argentina,167828,159834,155016,152261,142141,131007,120926,121568,123103,121330,120104,120717,120732,117171,111404,105811,102450,99508,97424,94830,95019,95840,97137,100700,104539,108844,NA,NA
PATGRENADIERCH,Patagonian grenadier Central-Southern Chile,1765130,1814960,1475770,1780500,1582880,1186700,1116530,995431,805694,685146,606018,570176,516131,508523,516511,457452,399260,368243,326601,288632,250220,230338,231256,267743,313654,359318,NA,NA
PATGRENADIERSARG,Patagonian grenadier Southern Argentina,670763,746843,963984,1154050,1184420,1217950,1141520,1035820,1019270,935893,858248,799935,716724,651533,558551,523735,498522,462846,469288,483548,455234,465986,604235,686905,NA,NA,NA,NA
PAUAPAU5B,Paua New Zealand Area PAU 5B (Stewart Island),1240,1200,1140,1100,1090,1110,1170,1290,1420,1510,1550,1560,1570,NA,NA,NA,NA,NA,NA,NA,NA,NA,NA,NA,NA,NA,NA,NA
PAUAPAU5D,Paua New Zealand Area PAU 5D (Otago),822,778,736,697,645,599,548,485,429,406,396,400,NA,NA,NA,NA,NA,NA,NA,NA,NA,NA,NA,NA,NA,NA,NA,NA
PCEELARGS,Pink cusk eel Southern Argentina,210000,187000,165000,154000,144000,135000,135000,133000,133000,134000,138000,131000,121000,114000,102000,101000,99300,90900,91600,NA,NA,NA,NA,NA,NA,NA,NA,NA
PCEELCSCH,Pink cusk eel Central-Southern Chile,27444,27655,27413,26615,25161,23273,21895,20460,19926,19015,17434,17961,17461,17001,17123,16264,15554,15890,16089,16440,17168,17362,17957,18956,20841,23267,NA,NA
PCEELSCH,Pink cusk eel Southern Chile,13038,12136,12062,11799,11503,11184,10636,10805,10119,9645,8918,8446,7605,6609,5858,5026,4612,4559,4404,5154,6056,6883,7878,9122,10478,11983,NA,NA
PCOD5ABCD,Pacific cod British Columbia Waters Area 5ABCD,14628.815,14424.012,14219.209,5927.966,7710.3105,9492.655,9871.732,14356.361,16690.496,16869.973,14906.59,13334.7725,11762.955,11751.16,15161.235,18571.31,18856.1385,19140.967,17368.855,16576.355,15783.855,14304.206,12824.557,13793.759,15687,NA,NA,NA
PCODAI,Pacific cod Aleutian Islands,115523,99006,84851,90024,95513,101336,90981,81684,80983,80289,78401,76558,72371,68412,64670,61133,61661,62193,66775,71694,75519,79548,80120,80696,NA,NA,NA,NA
PCODBS,Pacific cod Bering Sea,1300000,1240000,1160000,1050000,1070000,1110000,1130000,1150000,1120000,1050000,929000,807000,703000,668000,723000,841000,1060000,1200000,1320000,1490000,1670000,NA,NA,NA,NA,NA,NA,NA
PCODGA,Pacific cod Gulf of Alaska,834000,813000,797000,774000,735000,676000,641000,638000,635000,609000,566000,532000,503000,522000,565000,646000,708000,718000,689000,677000,640000,NA,NA,NA,NA,NA,NA,NA
PCODNPAC,Pacific cod North Pacific,NA,13100,35800,65100,65700,46100,31200,20500,33500,31800,53100,51900,53100,32100,33800,38800,63900,118000,279000,267000,NA,NA,NA,NA,NA,NA,NA,NA
PCODWCVANI,Pacific cod West Coast of Vancouver Island,12524.851,10586.481,8648.111,4249.50275,6299.701375,8349.9,10437.3755,12524.851,14612.326,13121.272,12077.5345,11033.797,8648.111,6858.8467,12524.851,18190.855,20874.752,19383.697,18190.855,20576.541,24453.281,25347.912,21918.489,18489.066,16817,NA,NA,NA
PERCHEBSAI,Pacific ocean perch Eastern Bering Sea and Aleutian Islands,487000,492000,498000,504000,522000,529000,550000,563000,597000,611000,630000,643000,655000,658000,656000,654000,646000,633000,619000,598000,NA,NA,NA,NA,NA,NA,NA,NA
PERCHHG,Pacific Ocean perch Haida Gwaii,92973.055,88095.05,82574.28,77050.74,72501.51,67949.5,63725.344,59172.41,53975.797,50396.246,46496.242,43567.77,41285.754,40948.645,42882.457,44815.34,45125.613,45762.812,43805.87,44765.375,44753.348,46038.85,47272,NA,NA,NA,NA,NA
PERCHWCVANI,Pacific ocean perch West Coast of Vancouver Island,10800,10600,10800,11600,12400,13000,13400,13500,13800,13800,13900,13900,14200,15000,15800,16400,16500,16400,16400,NA,NA,NA,NA,NA,NA,NA,NA,NA
PGEODWA,Pacific geoduck Washington,74800,60600,62300,57800,73800,75100,76800,76200,80900,80000,82000,83400,83100,82400,82100,85400,NA,NA,NA,NA,NA,NA,NA,NA,NA,NA,NA,NA
PHAKEPCOAST,Pacific hake Pacific Coast,2819860,2697655,2557455,2107840,2089260,3864850,4030750,4398150,3743935,3084315,2487520,2172550,1722560,1755350,1523900,2019240,2558385,3175670,3644590,3739020,3138510,3344850,3657770,3557240,NA,NA,NA,NA
PHALNPAC,Pacific halibut North Pacific,NA,353000,367000,346000,339000,312000,274000,241000,209000,183000,160000,140000,121000,107000,92500,84500,79700,76700,76600,77000,NA,NA,NA,NA,NA,NA,NA,NA
PHFLOUNSOJ,Pointhead flounder Sea of Japan,NA,NA,12600,13500,13700,11200,8970,7580,6010,5760,7700,8880,11500,10400,8310,9200,9120,8410,8850,NA,NA,NA,NA,NA,NA,NA,NA,NA
PILCHPJPN,Japanese sardine Pacific Coast of Japan,756000,805000,916000,727000,701000,411000,305000,157000,121000,109000,87000,131000,112000,99000,129000,338000,471000,534000,666000,1211000,1635000,2100000,2647000,3137000,3415000,NA,NA,NA
PILCHTSST,Japanese sardine Tsushima Strait,607000,224000,88000,76000,60000,11000,5000,5000,4000,6000,18000,27000,49000,57000,75000,160000,229000,257000,249000,202000,254000,268000,263000,293000,329000,NA,NA,NA
PLAIC2123,European plaice Subdivisions 21-23,NA,NA,NA,NA,7143,8334,8896,8657,7749,7104,6782,6453,5895,5551,5392,5853,6891,7945,9078,9862,10381,11022,12156,14245,NA,NA,NA,NA
PLAIC7d,European plaice Eastern English Channel,10600,12400,10800,11900,9740,7320,8380,8650,7100,7550,6110,6170,6540,7700,6410,9230,NA,NA,NA,NA,NA,NA,NA,NA,NA,NA,NA,NA
PLAICCELT,European plaice Celtic Sea,2268,2159,2247,2210,2019,1693,1539,1489,1470,1388,1256,1335,1745,1828,1962,2487,3326,4533,5614,6208,6597,7251,7898,7961,7515,NA,NA,NA
PLAICECHW,European plaice Western English Channel,4900,4950,6450,5900,4990,4830,4480,4950,4280,4900,4590,3920,3620,4010,3360,6130,6220,5940,6730,NA,NA,NA,NA,NA,NA,NA,NA,NA
PLAICIS,European plaice Irish Sea,7919.215741,8636.612923,9282.337203,9628.853231,10726.89741,11071.09751,12809.11781,14414.65771,16374.48273,16124.24016,15838.52151,15617.30271,11330.47159,12837.41514,11890.07237,13350.83249,15186.52095,11052.02845,14547.16074,14681.22419,17906.9687,25409.39254,18972.03559,19349.84477,NA,NA,NA,NA
PLAICNS,European plaice North Sea,341546.6088,314804.9336,367948.4028,384233.3044,378728.1592,351957.2717,355446.5991,387975.3812,408991.8615,427071.162,406461.6513,455715.0923,473291.2838,584863.4929,700118.4841,811510.6611,826382.793,883013.0508,994917.432,1131239.391,982836.969,1042252.48,1123649.424,1087280.118,NA,NA,NA,NA
POLL5YZ,Pollock Gulf of Maine / Georges Bank,96500,110000,123000,132000,146000,157000,174000,197000,228000,235000,238000,249000,235000,240000,210000,NA,NA,NA,NA,NA,NA,NA,NA,NA,NA,NA,NA,NA
POLLFAPL,Saithe Faroe Plateau,117909,108907,123654,133441,161779,212017,274900,278009,269684,261198,253626,230238,189447,180477,140799,132760,125666,108503,95683,96125,102293,105883,105391,91056,100381,104021,192554,NA
POLLIEG,Saithe Iceland Grounds,153000,149000,156000,154000,133000,144000,163000,221000,281000,322000,287000,313000,284000,254000,228000,229000,236000,246000,260000,266000,267000,306000,NA,NA,NA,NA,NA,NA
POLLNEAR,Saithe North-East Arctic,590750,684019,725368,802304,806750,828281,890268,1031417,1006522,1024250,1100766,945673,886965,735530,679141,699993,590297,600392,617206,654209,641337,812806,905925,909053,NA,NA,NA,NA
POLLNS-VI-IIIa,Saithe ICES 3a-4-6,448988,429939,446762,393673,383414,404937,453786,483538,431140,487469,475009,503276,471003,446542,407859,408837,365080,367048,367650,365189,376034,395714,419861,383325,NA,NA,NA,NA
POPERCHGA,Pacific ocean perch Gulf of Alaska,258000,271000,281000,290000,300000,311000,323000,338000,352000,368000,382000,394000,401000,412000,423000,436000,444000,453000,459000,464000,462000,NA,NA,NA,NA,NA,NA,NA
POPERCHPCOAST,Pacific ocean perch Pacific Coast,65585.4,66380.6,67446.3,68656.5,69350.7,69911.7,70472.7,72483.4,76419.5,79292.2,81728.3,83613,85358.3,86308.1,86803.2,86769.2,98173.2,103709,109254,115075,119187,124995,128529,NA,NA,NA,NA,NA
PSOLEPCOAST,Petrale sole Pacific Coast,5830,6130,6330,6220,6410,6670,7380,8060,8570,9180,9270,8450,8240,7860,8240,9090,12200,15100,17400,18600,19400,NA,NA,NA,NA,NA,NA,NA
PTOOTHFISHCH,Patagonian toothfish South Chile Argentina,116810,108320,107860,104810,99932,94157,88685,86621,82989,79879,76386,73172,71526,70189,69254,68181,66563,64802,63501,64165,66938,67919,68705,69475,69644,NA,NA,NA
PTOOTHFISHMI,Patagonian toothfish Macquarie Island,8010,6860,6250,6020,5990,6070,6190,6370,6540,6380,6520,6440,6370,6280,6100,6170,NA,NA,NA,NA,NA,NA,NA,NA,NA,NA,NA,NA
PTOOTHFISHPEI,Patagonian toothfish South Africa Subantarctic Prince Edward Islands,59026,59383,59431,35093,31832,29648,26584,25712,24854,23988,23241,22585,22025,21364,20831,20406,19861,19299,18823,18456,18105,17819,17797,18079,18219,NA,NA,NA
QUAHATLC,Ocean quahog Atlantic Coast,3278840,3260000,3234190,3213090,3194050,3176370,3162170,3147930,3135610,3126270,3122830,3128620,3139720,3154130,3170180,3187620,3205130,3224030,3240820,3257400,3272450,3287300,NA,NA,NA,NA,NA,NA
RBRMECS,Red seabream East China Sea,18200,18400,18400,17600,17100,16200,15900,15700,15100,15600,16300,17200,17500,17300,17200,16900,16600,15300,14200,NA,NA,NA,NA,NA,NA,NA,NA,NA
RBRMSETOE,Red seabream Inland Sea of Japan (East),2610,2710,2890,3450,4050,4030,4110,4090,3820,4230,4530,4760,4320,4710,4940,4890,5050,4290,4030,NA,NA,NA,NA,NA,NA,NA,NA,NA
RBRMSETOW,Red seabream Inland Sea of Japan (West),8380,8740,8560,8540,8740,8650,8780,9520,9760,9790,9770,9440,9380,8970,8650,8510,8440,8410,8620,NA,NA,NA,NA,NA,NA,NA,NA,NA
RDSHRMPMEDGSA1,Red shrimp Northern Alboran Sea,NA,NA,NA,NA,NA,NA,NA,1010.48,1165.64,1235.25,968.08,812.09,779.67,620.06,551.03,554.16,582.49,667.94,693.65,760.11,595.92,530.77,511.37,551.34,621.71,692.85,717.37,NA
REDDEEPI-II,Deepwater redfish North-East Arctic,527000,652000,698000,771000,888000,868000,861000,909000,980000,1050000,1050000,1070000,1030000,1040000,1070000,1040000,1120000,1150000,1080000,1200000,1240000,1260000,NA,NA,NA,NA,NA,NA
REDFEAUS,Redfish Eastern Australia,8960,8640,7860,6740,5280,4330,4080,3850,3370,2980,2640,2170,1860,1650,1510,1380,1280,1300,1420,1650,1910,2250,NA,NA,NA,NA,NA,NA
REDFISHSPP3LN,Redfish species N and SW Grand Banks,58700,74100,94000,116000,139000,161000,182000,202000,219000,233000,246000,255000,262000,267000,NA,NA,NA,NA,NA,NA,NA,NA,NA,NA,NA,NA,NA,NA
REDFISHSPP3M,Redfish species Flemish Cap,73000,100000,84000,60000,82000,118000,64000,107000,50000,157000,302000,485000,386000,308000,286000,164000,168000,251000,188000,143000,NA,NA,NA,NA,NA,NA,NA,NA
REXSOLEGA,Rex sole Gulf of Alaska,42488,39874,36036,33813,32147,30893,30514,32193,35247,38519,42724,45726,47084,48232,49560,49667,49603,48467,46191,42728,41418,43731,NA,NA,NA,NA,NA,NA
REXSOLEPCOAST,Rex sole Pacific Coast,8640,9480,10200,12100,13300,14200,14400,14700,15100,15800,15700,16200,16300,16700,16800,17500,18500,18600,18500,NA,NA,NA,NA,NA,NA,NA,NA,NA
REYEROCKBSAI,Rougheye rockfish Bering Sea and Aleutian Islands,12700,12800,12300,11800,11800,11900,13300,13900,15100,16400,18400,20300,22200,24200,26800,29000,31300,33700,36000,38200,40400,NA,NA,NA,NA,NA,NA,NA
REYEROCKGA,Rougheye rockfish Gulf of Alaska,40200,40200,40300,40500,40500,40900,41700,41700,42300,42900,43900,44500,44900,45200,45400,NA,NA,NA,NA,NA,NA,NA,NA,NA,NA,NA,NA,NA
RGROUPGM,Red grouper Gulf of Mexico,22900,23300,24200,24800,28900,31300,33900,37700,39900,42700,43500,26700,29100,33100,36700,40800,44700,46400,46500,NA,NA,NA,NA,NA,NA,NA,NA,NA
RGROUPSATL,Red grouper South Atlantic,1530,1840,1920,1880,1830,1850,1890,1990,2100,2440,2800,3070,3120,3000,2760,NA,NA,NA,NA,NA,NA,NA,NA,NA,NA,NA,NA,NA
RHERRTSST,Round herring Tsushima Strait,74504,56969,67452,51600,33661,30830,36063,42097,24713,38719,36699,52180,63107,48946,72404,79585,95695,95823,116225,83878,142970,132810,90706,76901,NA,NA,NA,NA
RKCRABBB,Red king crab Bristol Bay,24500,22700,21000,23900,27900,28400,28800,32700,32300,30000,30700,31100,26300,25300,26500,26100,25900,24500,23700,22200,19800,17200,14800,13600,14200,14900,NA,NA
RKCRABPI,Red king crab Pribilof Islands,2930,2540,2170,4250,8290,9280,9280,8600,7670,6690,5820,5120,4550,4250,3950,3510,3040,2640,2350,2080,1810,1600,1450,2530,4890,5370,NA,NA
RMULLMEDGSA6,Red mullet Northern Spain,NA,NA,NA,NA,NA,NA,NA,NA,NA,2470.4,3252,3254.7,3006.9,2088.1,2126.5,2219.2,2459.5,2838.8,3202.6,3474.1,3576.8,3412.3,3432.6,3506.8,3312.2,2986.5,3005.7,NA
RPORGYSATLC,Red porgy Southern Atlantic coast,1190,1110,1040,990,972,1070,1260,1440,1610,1800,1960,2130,2200,2140,2040,2010,2020,NA,NA,NA,NA,NA,NA,NA,NA,NA,NA,NA
RROCKLOBSTERCRA1,Red rock lobster New Zealand Area CRA1,554,627,620,606,592,598,614,618,629,682,749,845,912,925,893,855,863,871,856,851,NA,NA,NA,NA,NA,NA,NA,NA
RROCKLOBSTERCRA2,Red rock lobster New Zealand Area CRA2,589,798,889,837,691,531,428,332,325,366,379,411,439,405,369,326,295,329,366,NA,NA,NA,NA,NA,NA,NA,NA,NA
RROCKLOBSTERCRA3,Red rock lobster New Zealand Area CRA3,2820,3160,3230,3300,2850,2580,2340,2040,1720,1560,1570,1600,1640,1820,2080,2470,2690,2850,2900,2840,NA,NA,NA,NA,NA,NA,NA,NA
RROCKLOBSTERCRA4,Red rock lobster New Zealand Area CRA4,780,1010,1260,1390,1340,1170,1050,1010,945,807,638,534,531,626,757,864,863,NA,NA,NA,NA,NA,NA,NA,NA,NA,NA,NA
RROCKLOBSTERCRA5,Red rock lobster New Zealand Area CRA5,2790,3270,3630,3960,4350,4640,4910,5310,5610,6100,6340,6280,6180,6010,5900,5830,5680,5520,5330,5190,5050,NA,NA,NA,NA,NA,NA,NA
RROCKLOBSTERCRA7,Red rock lobster New Zealand Area CRA7,189,159,123,164,125,170,251,326,356,443,589,779,644,802,588,463,392,417,624,959,962,NA,NA,NA,NA,NA,NA,NA
RROCKLOBSTERCRA8,Red rock lobster New Zealand Area CRA8,902,878,802,759,763,818,841,1030,1370,1760,2220,2730,3150,3470,3480,3430,3260,3120,2970,2730,2630,NA,NA,NA,NA,NA,NA,NA
RROCKLOBSTERSAUSNZ,Rock lobster South Australia Northern Zone,2790,2780,2840,2950,2900,2490,2190,2090,1820,1730,1690,1770,1530,1410,1750,NA,NA,NA,NA,NA,NA,NA,NA,NA,NA,NA,NA,NA
RROCKLOBSTERSAUSSZ,Rock lobster South Australia Southern Zone,2850,2550,2660,3140,3960,4250,4740,5120,4640,4710,4190,3830,3020,2030,1790,NA,NA,NA,NA,NA,NA,NA,NA,NA,NA,NA,NA,NA
RSFLOUNSOJ,Round nose flounder Sea of Japan,5230,4990,4390,4140,4580,5010,5460,5350,4770,4270,4530,4500,4460,4490,4090,3650,3260,2990,2740,NA,NA,NA,NA,NA,NA,NA,NA,NA
RSHRMPMEDGSA1,Deep water rose shrimp Northern Alboran Sea,NA,NA,NA,NA,NA,NA,NA,NA,817,486,365,657,806,1300,1450,1090,1210,1070,704,622,701,NA,NA,NA,NA,NA,NA,NA
RSHRMPMEDGSA9-11,Deep water rose shrimp Geographical Sub-Areas 9-11,NA,NA,NA,NA,NA,NA,NA,NA,NA,NA,NA,5570,3670,4250,4210,5160,5080,5530,5690,5040,5390,NA,NA,NA,NA,NA,NA,NA
RSNAPGM,Red snapper Gulf of Mexico,20000,20800,21900,22000,23700,24200,24200,24800,25200,26700,27500,30100,32800,35200,41200,46700,53900,59700,64100,NA,NA,NA,NA,NA,NA,NA,NA,NA
RSNAPSATLC,Red snapper Southern Atlantic coast,970,981,1070,972,1250,1440,1560,1650,1680,1760,1640,1710,2090,2230,1950,1430,NA,NA,NA,NA,NA,NA,NA,NA,NA,NA,NA,NA
RSOLEGA,Rock sole Gulf of Alaska,190000,181000,173000,167000,164000,165000,169000,176000,182000,187000,191000,195000,197000,198000,196000,190000,183000,174000,167000,160000,156000,NA,NA,NA,NA,NA,NA,NA
RSOLEHSTR,Rock sole Hecate Strait,8280,6850,5690,4850,6850,5690,4850,NA,NA,NA,NA,NA,NA,NA,NA,NA,NA,NA,NA,NA,NA,NA,NA,NA,NA,NA,NA,NA
RSQLOBSTERCSCH,Red squat lobster Central-Southern Chile,97300,84500,69100,53400,34600,16900,5810,9150,15100,25500,47900,75500,98400,110000,109000,99000,84700,68300,52300,37100,24400,NA,NA,NA,NA,NA,NA,NA
RSQLOBSTERNCH,Red squat lobster Northern Chile,NA,NA,NA,6450,7170,8060,7370,7780,6300,6480,8200,9900,12400,13700,13900,13300,12600,11300,8980,7580,7010,NA,NA,NA,NA,NA,NA,NA
RSROCKBCWN,Redstripe rockfish British Columbia Waters North,4965.0054,4523.109,4183.1504,3911.142,3656.1343,3554.0146,3434.8945,3264.7598,2873.8516,2754.7183,3569.901,5591.1997,6389.4077,6066.424,5794.4546,5760.22,6371.5776,7237.7617,7696.1797,7712.999,7627.776,7593.6455,7610.4126,7455,NA,NA,NA,NA
RSROCKBCWS,Redstripe rockfish British Columbia Waters South,20392.639,19486.389,18750.12,18183.875,17164.373,16031.235,14614.78,13198.022,11838.344,10478.577,9798.954,9176.063,9573.623,10311.276,12296.139,14224.312,16152.397,16719.982,16777.32,16211.206,15871.805,15305.604,15306.382,15665,NA,NA,NA,NA
SAABALONESA,South African abalone South Africa,17700,16800,16000,15100,14400,14100,13600,13100,11500,10700,9670,9310,8860,8750,8920,9080,7440,7040,7150,6930,6210,NA,NA,NA,NA,NA,NA,NA
SABLEFEBSAIGA,Sablefish Eastern Bering Sea / Aleutian Islands / Gulf of Alaska,275000,257000,253000,238000,249000,259000,259000,290000,295000,299000,291000,285000,275000,266000,256000,259000,251000,243000,226000,208000,202000,NA,NA,NA,NA,NA,NA,NA
SABLEFPCAN,Sablefish Pacific Coast of Canada,80121.57084,76646.16998,73171.90562,69697.64126,66914.82029,64130.86282,64113.8154,63405.32459,63388.27717,63371.22975,61278.71567,58495.8947,55021.63034,50855.92259,50147.43178,48746.36109,48037.87028,47329.37947,45929.44527,46603.84124,46585.65732,47951.49668,54157.43975,67277.8167,80397.05716,89368.77379,99031.9338,NA
SABLEFPCOAST,Sablefish Pacific Coast,269000,259000,246000,239000,244000,230000,216000,207000,224000,236000,240000,234000,222000,214000,199000,183000,168000,178000,169000,173000,168000,NA,NA,NA,NA,NA,NA,NA
SAILEATL,Sailfish Eastern Atlantic,7990,7870,7290,7620,7970,8220,8610,8710,8260,7290,6190,4990,4290,3620,NA,NA,NA,NA,NA,NA,NA,NA,NA,NA,NA,NA,NA,NA
SAILWATL,Sailfish Western Atlantic,23200,22600,22100,21600,21000,20300,19500,18700,17400,16600,15800,15000,14500,NA,NA,NA,NA,NA,NA,NA,NA,NA,NA,NA,NA,NA,NA,NA
SARDMEDGSA16,Sardine South of Sicily,NA,NA,NA,NA,NA,NA,NA,NA,7598.57,9056.45,10171.76,9941.54,8522.07,7087.4,6510.96,7009.85,8130.25,8658.84,7681.56,5769.37,4112.39,3254.09,3053.7,3051,2713.02,1935.68,1103.36,NA
SARDMEDGSA17-18,"Sardine Adriatic Sea (GSA 17,18)",584000,492000,392000,335000,294000,292000,314000,334000,327000,330000,328000,337000,371000,404000,421000,433000,451000,484000,532000,540000,573000,NA,NA,NA,NA,NA,NA,NA
SARDMEDGSA6,European pilchard Northern Spain,NA,NA,NA,NA,NA,NA,NA,NA,NA,96760.78,102094.23,74504.03,48743.11,29870.35,25046.12,23087.55,26890.37,30576.14,32470.11,29297.95,31131.91,27596.35,20788.33,21099.76,16287.87,14896.43,14411.86,NA
SARDMEDGSA7,Sardine Gulf of Lions,83900,51600,27100,52400,77800,65600,70800,124000,51600,110000,231000,83900,56800,86500,58600,42000,28500,115000,NA,NA,NA,NA,NA,NA,NA,NA,NA,NA
SARDNWAZAB,Sardine North West Africa Zone A+B,464000,369000,521000,708000,955000,1370000,1220000,1120000,1000000,1280000,951000,200000,1340000,681000,1250000,95500,NA,NA,NA,NA,NA,NA,NA,NA,NA,NA,NA,NA
SARDNWAZC,Sardine North West Africa Zone C,3930000,5180000,598000,545000,1620000,2960000,4720000,6030000,6290000,6260000,6170000,2190000,2810000,4030000,5040000,2310000,NA,NA,NA,NA,NA,NA,NA,NA,NA,NA,NA,NA
SARDPCOAST,Pacific sardine Pacific Coast,NA,NA,NA,NA,NA,NA,NA,NA,NA,NA,1534415,1774784,1471710,1097736,755371,594343,532226,340875,170633,81648,65405,57067,43483,52065,NA,NA,NA,NA
SARDPVIIIc-IXa,Sardine ICES 8c-9a,920000,619000,542000,441000,403000,336000,483000,537000,479000,457000,517000,559000,504000,378000,286000,229000,198000,147000,158000,135000,168000,199000,NA,NA,NA,NA,NA,NA
SARDSAS,Sardine South Africa (South Component),131600,299000,292000,611900,987400,1110600,2375400,3127200,2641100,1814700,833900,405500,330000,306700,349600,577900,288400,161400,386800,278100,287000,149400,305700,349500,385000,NA,NA,NA
SARDSAW,Sardine South Africa (West Component),606900,770400,1029400,1034100,909500,1301200,1084300,1281100,1030900,316900,176600,176300,99800,182200,438600,242900,328800,425700,122300,221000,92400,176100,99300,40100,89700,NA,NA,NA
SARDWSE,Sardine Western half of Southeast Australia,238640,175808,170776,171317,145892,240033,341382,378866,392983,427950,425230,381108,357896,349623,368015,363417,349083,423644,437699,413952,478274,480911,430348,NA,NA,NA,NA,NA
SAURNWPAC,Pacific saury Northwest Pacific,2686298,2185900.9,2067187.2,1471457.5,1424386.7,2022101.6,2404535,2715722.7,5150741,5151447,5367214,4461046.4,4294777,5107067.3,3771263.4,2984559.6,3701385.2,2938415.5,3559776,3345774,2296497.2,2273072.2,1343347.5,2370522.3,NA,NA,NA,NA
SBARSHARATL,Sandbar shark Atlantic,50323,47814,45804,44544,43164,41514,40495,39260,37910,37021,36610,36316,35884,36008,36424,36705,36881,37056,37244,37451,37620,NA,NA,NA,NA,NA,NA,NA
SBELLYROCKPCOAST,Shortbelly rockfish Pacific Coast,132000,123000,114000,103000,93000,84000,75000,68000,67000,66000,64000,NA,NA,NA,NA,NA,NA,NA,NA,NA,NA,NA,NA,NA,NA,NA,NA,NA
SBREAMCH,Deepwater cardinalfish Chile,13500,13100,12500,11700,10300,9430,7680,6250,5280,4240,3710,2530,1710,1150,940,975,920,NA,NA,NA,NA,NA,NA,NA,NA,NA,NA,NA
SBT,Southern bluefin tuna Southern Oceans,1260000,1170000,1090000,1000000,982000,982000,927000,871000,838000,816000,783000,727000,728000,762000,729000,763000,763000,786000,842000,899000,989000,1070000,NA,NA,NA,NA,NA,NA
SBWHITARGS,Southern blue whiting Southern Argentina,1072177,953122,853731,749097,645838,564419,481940,407990,348076,289593,221293,181853,138632,104176,77069,68089,79970,118625,174038,231110,281768,320000,355352,390609,435368,NA,NA,NA
SBWHITCH,Southern blue whiting Central-Southern Chile,1332570,1223920,1104570,996931,889560,822200,733310,649395,580630,503880,432543,382414,324343,275971,238137,208137,179948,165410,149256,147276,138036,131351,128005,120188,120438,130562,NA,NA
SCALL5ZMAB,Sea scallop Georges Bank and Mid-Atlantic Bight,45400,52800,57400,73900,98900,126000,149000,159000,166000,161000,153000,140000,126000,126000,133000,132000,123000,113000,109000,133000,175000,189000,193000,173000,147000,NA,NA,NA
SCALLGB,Sea scallop Georges Bank,6780,10100,7230,5420,9860,31600,30800,30200,22900,13200,12800,14800,20800,22500,16700,20400,21200,23300,25500,NA,NA,NA,NA,NA,NA,NA,NA,NA
SCALLNBB,Sea scallop North Brown Bank,8940,5720,6630,6060,8290,10400,10900,14600,22700,15600,12200,10500,11300,5770,5050,9080,13100,NA,NA,NA,NA,NA,NA,NA,NA,NA,NA,NA
SDOGATLC,Spiny dogfish Atlantic Coast,520000,521000,489000,406000,358000,344000,338000,371000,347000,338000,454000,NA,NA,NA,NA,NA,NA,NA,NA,NA,NA,NA,NA,NA,NA,NA,NA,NA
SEELNSSA1,Sand eel Sandeel Area 1,1860000,707000,2190000,911000,592000,689000,820000,1380000,276000,481000,388000,647000,505000,939000,562000,1730000,715000,399000,503000,351000,NA,NA,NA,NA,NA,NA,NA,NA
SEELNSSA2,Sand eel Sandeel Area 2,459000,313000,650000,351000,178000,233000,131000,309000,155000,224000,134000,210000,198000,281000,184000,340000,219000,163000,252000,174000,NA,NA,NA,NA,NA,NA,NA,NA
SEELNSSA3,Sand eel Sandeel Area 3,546000,741000,1700000,571000,369000,334000,243000,241000,99600,116000,103000,124000,302000,273000,309000,529000,249000,149000,267000,535000,NA,NA,NA,NA,NA,NA,NA,NA
SHAKE4VWX,Silver hake Scotian Shelf and Bay of Fundy,111000,112000,88000,67800,62500,71300,74400,48800,57300,71900,50300,59900,56600,65400,99300,111000,133000,132000,115000,146000,122000,NA,NA,NA,NA,NA,NA,NA
SHCROCKPCOAST,Sharpchin rockfish Pacific Coast,5230,5280,4050,7390,9520,12100,12300,12500,12600,11500,12700,12900,12800,12800,12800,12900,12900,12500,12800,NA,NA,NA,NA,NA,NA,NA,NA,NA
SILVERFISHSE,Silverfish Southeast Australia,22012,24617.1,25437.9,24559.5,22604.9,19849.4,18331.7,18133.9,17577.1,17969.1,17185.7,15795.5,14011.7,12261,10702.1,9110.35,7733.24,6679.23,6164.61,5884.9,6224.22,6842.76,7865.59,NA,NA,NA,NA,NA
SKJCIO,Skipjack tuna Indian Ocean,1200000,1050000,1080000,1190000,1810000,1600000,1320000,1370000,1090000,808000,1100000,1240000,578000,510000,698000,939000,947000,NA,NA,NA,NA,NA,NA,NA,NA,NA,NA,NA
SKJCWPAC,Skipjack tuna Central Western Pacific Ocean,4440000,4410000,4180000,4510000,4650000,4250000,3780000,3710000,3350000,3390000,3860000,4020000,4270000,3710000,3380000,3470000,3410000,3770000,4470000,4840000,4410000,NA,NA,NA,NA,NA,NA,NA
SKJEATL,Skipjack tuna Eastern Atlantic,623000,636000,651000,658000,652000,653000,657000,668000,670000,660000,653000,656000,NA,NA,NA,NA,NA,NA,NA,NA,NA,NA,NA,NA,NA,NA,NA,NA
SKJWATL,Skipjack tuna Western Atlantic,33800,40600,40100,37000,37200,38500,37900,36000,41900,42400,40900,39600,40300,41300,43900,42600,43700,38300,35100,37600,NA,NA,NA,NA,NA,NA,NA,NA
SLKSHARCWPAC,Silky shark Central Western Pacific Ocean,76600,75900,74500,72800,69400,65300,62200,58700,55000,52700,50200,47400,43800,38900,33700,NA,NA,NA,NA,NA,NA,NA,NA,NA,NA,NA,NA,NA
SMDOGATL,Smooth dogfish Atlantic,12005,12255,13115,13772,14501,15230,16879,20670,23954,26533,28713,30010,30087,28928,27061,25073,23247,22340,NA,NA,NA,NA,NA,NA,NA,NA,NA,NA
SMULLMEDGSA5,Surmullet Balearic Island,NA,NA,NA,NA,NA,566.19,550.09,509.81,498.89,547.75,554.35,536.98,559.38,504.81,449.32,423.84,362.55,344.35,328.72,342.82,353.86,373.83,373.93,401.76,364.86,381.29,428.39,NA
SMULLMEDGSA9,Surmullet Ligurian and North Tyrrhenian Sea,NA,NA,NA,NA,NA,NA,NA,NA,NA,NA,NA,1580,1340,1190,1450,1290,1180,1300,1440,1410,1270,NA,NA,NA,NA,NA,NA,NA
SNAPSAUSGSV,Snapper Gulf St. Vincent,1028.043762,1222.28311,1368.145284,1497.93301,1643.795185,1773.544455,1967.783802,2145.871789,2340.111137,2534.312029,2970.206507,3373.913629,3648.679049,3939.595831,4133.796724,4295.771804,4328.882095,4152.486156,3895.564144,3525.813336,2898.294493,2286.8500989999998,1610.99254,1080.151131,694.287417,356.800876,357.6469,374.60583
SNAPSAUSSER,Snapper South-East Region,62.333157,70.448674,78.563473,86.678272,97.493452,100.208924,102.924396,108.34025,108.356058,138.068163,259.569541,445.862121,570.062444,678.065505,721.275927,659.199478,456.741254,289.377935,230.001868,197.621716,173.340555,176.056745,221.966831,278.67557,327.286036,356.998142,340.815971,354.330815
SNAPSAUSSGWC,Snapper Spencer Gulf and West Coast,3648.621275,4268.972221,4641.133108,4847.833956,4827.027249,4764.861447,4806.102256,4888.708073,5054.043912,5198.697245,5239.943967,5157.089746,4867.410476,4391.588661,3812.354322,3295.167498,2777.980673,2426.259802,2074.533017,1826.218757,1577.904496,1308.907731,1081.275975,853.64422,626.018378,460.434137,501.674946,542.915754
SNOWCRAB3K,Snow crab Division 3K,10100,19400,18500,18500,8410,9790,11100,8620,3570,5480,6730,10300,15800,14300,NA,NA,NA,NA,NA,NA,NA,NA,NA,NA,NA,NA,NA,NA
SNOWCRAB3Ps,Snow crab St. Pierre Bank,NA,4350,1110,1560,2440,878,491,367,419,194,490,NA,207,354,NA,NA,NA,NA,NA,NA,NA,NA,NA,NA,NA,NA,NA,NA
SNOWCRAB4X,Snow crab Western Scotian Shelf,NA,NA,NA,NA,140.44214,234.07022,390.11703,218.46555,296.48895,421.3264,312.09363,327.6983,265.27957,280.88428,249.6749,358.90768,390.11703,109.23277,62.418724,93.62809,171.65149,78.02341,46.814045,NA,NA,NA,NA,NA
SNOWCRABBS,Snow crab Bering Sea,177000,241000,240000,176000,147000,118000,98100,99300,112000,117000,113000,129000,153000,183000,202000,192000,139000,99400,82800,66300,57300,59500,86100,71200,33800,26700,NA,NA
SNOWCRABESJ,Snow crab Sea of Japan East,NA,NA,NA,1630,2470,3300,3320,1790,3140,2460,2560,2410,3050,2740,3600,4410,2780,3880,1760,3280,NA,NA,NA,NA,NA,NA,NA,NA
SNOWCRABNENS,Snow crab North-Eastern Nova Scotia,NA,NA,NA,NA,1853.0024,2374.621,2525.59,2675.7429,2331.1255,2141.9654,1580.2789,1297.9258,1293.6825,1444.2434,1657.477,1714.1109,1308.8609,1118.8847,1516.7086,1760.4624,1601.2512,1102.0741,1159.6872,NA,NA,NA,NA,NA
SNOWCRABNPAC,Snow crab North Pacific,NA,NA,NA,751,1140,1390,497,826,1040,749,913,992,1780,1530,1110,935,856,1140,381,NA,NA,NA,NA,NA,NA,NA,NA,NA
SNOWCRABSENS,Snow crab South-Eastern Nova Scotia,NA,NA,NA,NA,35249.023,38222.286,42066.143,41428.394,40492.294,38957.12,34434.47,34087.97,38834.778,38795.315,39058.937,38719.543,34485.775,31162.853,35899.4,34372.906,31343.601,40100,37640,NA,NA,NA,NA,NA
SNOWCRABWSJ,Snow crab Sea of Japan West,NA,NA,NA,NA,16400,12300,11900,15400,20800,25500,29800,25700,33700,22400,20500,27800,22200,16900,22300,16700,14700,NA,NA,NA,NA,NA,NA,NA
SNOWGROUPSATLC,Snowy grouper Southern Atlantic coast,1150,1170,1190,1010,1040,1020,1030,1100,1160,1140,1060,922,797,800,890,941,972,1130,1200,NA,NA,NA,NA,NA,NA,NA,NA,NA
SNROCKPCOAST,Splitnose rockfish Pacific Coast,36600,36100,36000,36300,34400,35600,36200,38000,42800,46700,51700,56700,60700,64900,70200,NA,NA,NA,NA,NA,NA,NA,NA,NA,NA,NA,NA,NA
SOLECS,Common sole Celtic Sea,2979,2969,2893,3013,4184,3848,5313,5796,5408,4727,4678,3968,3784,4289,5127,4866,4814,4613,4430,4102,4586,5118,5976,6404,6924,NA,NA,NA
SOLEIIIa-2224,Common sole ICES 22-24-3a,4220,3730,3090,2680,3010,3010,3330,3890,3900,4290,4240,3680,3260,2890,3000,2760,2720,2850,2230,2730,2750,3470,3460,NA,NA,NA,NA,NA
SOLEIS,Common sole Irish Sea,3963,3081,3444,4253,4325,3921,4314,4021,3613,2781,2515,1890,1657,1586,1354,1468,1263,1300,1211,976,1536,1696,2297,3088,3427,NA,NA,NA
SOLENS,Common sole North Sea,76600,56400,58100,72400,74500,63500,55200,53500,58600,54000,42000,41200,45800,47300,45500,55300,69800,50700,52400,54900,68700,67200,64800,NA,NA,NA,NA,NA
SOLEVIId,Common sole Eastern English Channel,20500,20800,21700,17200,19000,18600,18700,20000,29400,20600,23700,24100,19700,23700,25300,22900,24900,22300,25000,23100,18500,17700,17300,NA,NA,NA,NA,NA
SOLEVIIe,Common sole Western English Channel,3892,4176,3861,3983,3997,4375,4594,4280,4520,4146,4121,3852,3975,4000,4205,4708,5048,4922,4816,5162,5272,6329,6018,5934,NA,NA,NA,NA
SOLEVIIIab,Common sole ICES 8ab,17600,17700,16400,16400,15900,15500,13000,13200,13300,14100,14400,15100,14000,13900,15600,17100,18500,16800,15700,12900,13000,13700,16000,NA,NA,NA,NA,NA
SOUTHHAKECH,Southern hake Central-Southern Chile,632259,644129,657740,671232,682302,690820,695639,698289,700638,696765,690411,684101,670524,653109,633716,614004,594217,584849,572769,563838,565345,563465,557614,556150,548813,NA,NA,NA
SOUTHHAKEWCSI,Southern hake West Coast South Island,101154,95220.7,90284.3,86710.8,81435.7,76341.5,71121.4,65305.7,59780.1,53376.9,47430.1,42279.9,37554.6,35641.7,34919.6,34187.9,35055.1,34814.7,33603,32493.9,30767.6,30029.8,30966.2,32554.3,36234.9,40635.6,45115.3,49373
SPANMACKGM,Spanish mackerel Gulf of Mexico,11000,11500,12600,13100,15500,15800,16300,16100,16300,18000,19700,22000,22100,24300,25300,25100,28400,NA,NA,NA,NA,NA,NA,NA,NA,NA,NA,NA
SPANMACKSATLC,Spanish mackerel Southern Atlantic coast,7430,7680,7970,7860,8400,9420,9720,9820,10600,11000,11600,11700,11800,12400,13500,13200,12100,11400,NA,NA,NA,NA,NA,NA,NA,NA,NA,NA
SPANMACKSETO,Japanese Spanish mackerel Inland Sea of Japan,2050,1130,958,704,1240,1540,2220,2880,3650,3070,3200,3010,2900,3140,3700,4180,4280,4690,4930,NA,NA,NA,NA,NA,NA,NA,NA,NA
SPHAKECH,South Pacific hake Central-Southern Chile,1479500,1475590,1332660,1172530,1099610,1007900,845564,586952,438365,273223,270655,245286,233511,242592,223601,218276,192004,181851,181602,193093,208785,283827,292654,332022,353788,381369,NA,NA
SPRAT22-32,Sprat Baltic Areas 22-32,3276000,3056000,2797000,2497000,2069000,2255000,1823000,1563000,1548000,2149000,1891000,1691000,1740000,1736000,2000000,1678000,1286000,1240000,1186000,1103000,1716000,1793000,1772000,1755000,1664000,NA,NA,NA
SPSDOGPCOAST,Spotted spiny dogfish Pacific Coast,231000,230000,229000,229000,228000,227000,226000,225000,224000,224000,222000,222000,221000,219000,219000,218000,217000,NA,NA,NA,NA,NA,NA,NA,NA,NA,NA,NA
SPURDNEATL,Spurdog Northeast Atlantic,344800,335472,329881,325745,322461,320323,314278,307387,306239,304086,304972,306748,313169,321145,330671,340320,349172,358102,367455,376770,386343,396400,406569,416836,426532,436999,NA,NA
SRAKEROCKBSAI,Shortraker rockfish Bering Sea and Aleutian Islands,NA,NA,NA,NA,NA,NA,NA,23706,23218,22826,21772,20932,21193,21829,21941,22119,22340,22710,22636,22681,22837,22995,23512,24055,NA,NA,NA,NA
SRAKEROCKGA,Shortraker rockfish Gulf of Alaska,NA,20258,NA,NA,28275,NA,27914,NA,42023,NA,42568,NA,35125,NA,44185,NA,64835,NA,67370,NA,62317,NA,31534,NA,NA,NA,NA,NA
SSANDWSJ,Sailfin sandfish Sea of Japan West,NA,NA,NA,NA,NA,NA,NA,NA,NA,17800,36100,22900,8840,37600,22200,14800,34900,18900,24700,NA,NA,NA,NA,NA,NA,NA,NA,NA
SSARDCH,Southern sardine Central-Southern Chile,NA,NA,NA,NA,NA,NA,NA,194920,200800,210790,266800,252550,207380,176060,150360,107450,99342,146180,140570,149190,135130,90698,74464,70331,110240,113800,NA,NA
SSHRIMPSMAGTSE,Sidestripe shrimp Shrimp Management Area GTSE,NA,NA,NA,180,51.3,45.9,92,162,64.6,55.2,NA,NA,65,78.3,108,313,177,NA,NA,NA,NA,NA,NA,NA,NA,NA,NA,NA
SSLOBSTERSASC,Southern spiny lobster South Africa South coast,1944.26,2189.57,2149.99,2318.49,2347.78,2527.6,2678.79,2725.9,2642.21,2508.56,2217.76,2222.52,2261.03,2559.25,2404.03,2693.56,2475.74,2997,2524.69,3054.63,3041.47,2301.43,2310.56,2343.39,2376.79,NA,NA,NA
SSSHRIMPSMA16,Sidestripe shrimp Shrimp Management Area 16,NA,NA,NA,NA,26.7,26,29.9,33.4,17.1,18.9,NA,NA,14.8,93.1,49.7,91.3,33.5,NA,NA,NA,NA,NA,NA,NA,NA,NA,NA,NA
SSSHRIMPSMA18-19,Sidestripe shrimp Shrimp Management Areas 18 and 19,NA,NA,NA,29.8,49.6,35.6,29.3,37.3,NA,17,NA,42.1,35.5,36.5,35.8,19.4,22.1,NA,NA,NA,NA,NA,NA,NA,NA,NA,NA,NA
SSTHORNHGA,Shortspine thornyhead Gulf of Alaska,66200,71100,73300,75600,78000,79000,80200,83700,87600,87800,88100,85900,84200,81600,79300,79300,79900,80800,81800,83300,85000,87200,89400,88100,86800,86800,NA,NA
SSTHORNHPCOAST,Shortspine thornyhead Pacific Coast,263000,261000,259000,257000,255000,254000,253000,253000,252000,251000,251000,250000,250000,249000,247000,246000,245000,244000,244000,NA,NA,NA,NA,NA,NA,NA,NA,NA
STFLOUNNPCOAST,Starry flounder Northern Pacific Coast,8010,8080,14000,12100,9670,8330,6740,5440,4840,5220,5440,NA,NA,NA,NA,NA,NA,NA,NA,NA,NA,NA,NA,NA,NA,NA,NA,NA
STFLOUNSPCOAST,Starry flounder Southern Pacific Coast,1680,2280,2570,3960,4370,4670,4050,3390,3870,3610,3460,NA,NA,NA,NA,NA,NA,NA,NA,NA,NA,NA,NA,NA,NA,NA,NA,NA
STMARLINIO,Striped marlin Indian Ocean,16362.1686,15130.67134,12932.20497,11392.9091,9985.544215,9237.228704,8532.607577,8662.842878,8134.331612,7957.010541,6637.640031,5669.580837,4876.965339,4787.759759,4829.94013,6102.891036,7287.787011,7725.820928,6713.764548,5877.636349,6447.359018,6445.602764,5609.535126,NA,NA,NA,NA,NA
STMARLINNEPAC,Striped marlin Northeast Pacific,4770,6280,6510,5670,4900,4020,3430,3030,2600,2910,3120,3800,4040,4350,5060,NA,NA,NA,NA,NA,NA,NA,NA,NA,NA,NA,NA,NA
STMARLINSWPO,Striped marlin Western Pacific Ocean,8840,9110,10000,10500,9470,8020,7470,7400,6890,6080,5490,5560,5930,6250,6010,5910,6640,NA,NA,NA,NA,NA,NA,NA,NA,NA,NA,NA
STMARLINWCNPAC,Striped marlin Western and Central North Pacific,10800,8800,7750,9870,8400,6830,8070,7480,10100,9870,8090,8680,6920,6770,6410,5160,7820,7350,6820,NA,NA,NA,NA,NA,NA,NA,NA,NA
SURFMATLC,Atlantic surfclam Mid-Atlantic Coast,2140000,2060000,1990000,1990000,1940000,1930000,1900000,1820000,1740000,1710000,1690000,1590000,1440000,1310000,1190000,1100000,1060000,NA,NA,NA,NA,NA,NA,NA,NA,NA,NA,NA
SWHITSE,School whiting Southeast Australia,11219,10038.8,9576.59,9432.02,9550.64,10044,10507.5,10019.5,9967.85,10591.3,11669.3,12156.2,11271.8,10419,9927.17,9397.83,8880.37,8243.6,8203.25,9171.65,10380.5,10436.1,10348.3,10421.3,10931.4,NA,NA,NA
SWORDEPAC,Swordfish Eastern Pacific,31500,33600,36200,38000,37900,43400,46500,44300,42000,40700,39600,43100,48000,53800,60600,62100,60800,58600,NA,NA,NA,NA,NA,NA,NA,NA,NA,NA
SWORDMED,Swordfish Mediterranean Sea,66100,64200,66100,71300,71100,74700,65700,67200,64300,65000,69800,78900,67500,64600,NA,NA,NA,NA,NA,NA,NA,NA,NA,NA,NA,NA,NA,NA
SWORDNATL,Swordfish Northern Atlantic,60376.7447,57401.13707,56641.41488,58183.29276,58860.25562,59892.45301,62429.64498,64801.45505,66256.60529,66639.08701,65938.4721,67557.47963,69054.64935,72602.81921,74382.95265,76612.16906,76359.77927,75373.00494,75448.41877,76848.26909,78344.33988,NA,NA,NA,NA,NA,NA,NA
SWORDNPAC,Swordfish North Pacific Ocean,56300,56272,54792,51856,54820,60870,59366,59948,60113,61065,65727,68991,68884,68131,68144,66417,66087,68177,67885,69560,71951,71979,NA,NA,NA,NA,NA,NA
SWORDSATL,Swordfish South Atlantic,69800,61900,57800,53400,53500,52100,50300,49100,48900,50100,51000,51800,51600,50000,51400,52800,54200,57000,NA,NA,NA,NA,NA,NA,NA,NA,NA,NA
TANNERCRABBSAI,Tanner crab Bering Sea and Aleutian Islands,29800,23800,19600,17100,16400,17100,19100,22300,26600,32500,39400,46400,53000,59300,58100,50600,43300,42700,52100,61600,59800,53100,43700,36000,39500,NA,NA,NA
TASGIANTCRABTAS,Tasmanian giant crab Tasmania,1680,1360,1130,969,846,878,795,766,804,777,836,797,762,NA,NA,NA,NA,NA,NA,NA,NA,NA,NA,NA,NA,NA,NA,NA
TIGERFLATSE,Tiger flathead Southeast Australia,20600,20900,21200,20900,20700,21200,22900,24000,23500,22200,21700,22200,21000,19800,18800,18900,19700,20300,21300,22800,23400,NA,NA,NA,NA,NA,NA,NA
TILEGM,Tilefish Gulf of Mexico,1260,1200,1260,1260,1310,1350,1350,1340,1310,1310,1260,1140,1120,1070,999,NA,NA,NA,NA,NA,NA,NA,NA,NA,NA,NA,NA,NA
TILESATLC,Tilefish Southern Atlantic coast,2310,2260,2350,2350,2440,2440,2730,3130,3620,4060,4550,4860,4960,5170,5340,5270,5240,NA,NA,NA,NA,NA,NA,NA,NA,NA,NA,NA
TREVALLYTRE7,Trevally New Zealand Areas TRE 7,31200,30000,29400,29100,28800,28700,28600,28800,28800,28600,28200,NA,NA,NA,NA,NA,NA,NA,NA,NA,NA,NA,NA,NA,NA,NA,NA,NA
TURIV,Turbot North Sea,10075.9584,9409.272582,9053.58516,8896.496692,9101.853777,10115.70809,9905.778642,9421.485498,8805.872387,8753.639609,8748.12122,9033.655352,10170.26431,10220.1325,10175.78989,9883.415628,10704.77284,11486.67912,11439.63451,12128.28499,13663.35211,14338.38268,14119.031429999999,13630.44643,NA,NA,NA,NA
VSNAPGM,Vermilion snapper Gulf of Mexico,12200,11100,10600,9830,9190,9380,10100,10200,10400,10200,9850,9830,10800,11100,10700,10100,10300,10300,10900,11500,NA,NA,NA,NA,NA,NA,NA,NA
VSNAPSATLC,Vermilion snapper Southern Atlantic coast,2670,2600,2940,3010,3320,3430,3110,2970,2900,2560,2590,2820,2750,2560,2290,2200,2190,2120,NA,NA,NA,NA,NA,NA,NA,NA,NA,NA
WANGLVII-VIIIabd,White anglerfish ICES 7-8abd,78394,72253,67180,57326,53131,48326,59176,62706,67156,68249,66592,69462,76586,75944,70457,69971,77633,89434,88762,92607,95415,104194,112257,115872,NA,NA,NA,NA
WANGLVIIIc-IXa,White anglerfish ICES 8c-9a,4643,6592,7547,6830,5807,5120,4967,5852,7999,9411,9630,9076,8891,9192,9276,9115,9593,10884,12165,13188,13643,14401,14645,14757,14645,NA,NA,NA
WAREHOUESE,Blue warehou Eastern half of Southeast Australia,4370,4540,4000,2950,1970,1370,1000,1030,1110,1090,1110,1140,1260,1680,NA,NA,NA,NA,NA,NA,NA,NA,NA,NA,NA,NA,NA,NA
WAREHOUWSE,Blue warehou Western half of Southeast Australia,1460,1610,1950,1560,999,969,1140,1190,1530,1770,1650,1480,1190,1430,NA,NA,NA,NA,NA,NA,NA,NA,NA,NA,NA,NA,NA,NA
WHAKE4T,White hake Southern Gulf of St. Lawrence,34800,30500,28700,25600,35000,33600,36000,39100,36100,33200,36300,47000,44800,39900,31200,29600,26000,20000,21900,NA,NA,NA,NA,NA,NA,NA,NA,NA
WHAKEGBGOM,White hake Gulf of Maine / Georges Bank,11000,10500,9870,11000,12300,11500,12600,15300,16100,15400,14900,13600,16700,19200,19100,24600,31200,NA,NA,NA,NA,NA,NA,NA,NA,NA,NA,NA
WHITNS-VIId,Whiting ICES 4-7d,299314,281410,332379,334127,403119,531900,457647,294791,255342,338418,321273,488581,457676,306918,370413,431813,355588,284027,284367,480393,427890,373128,290881,293190,NA,NA,NA,NA
WHITVIa,Whiting West of Scotland,60174.889,59111.425,52377.016,45820.285,35947.501,35621.354,29065.968,15906.126,13080.372,9163.211,5733.194,4784.703,4709.945,4358.185,4879.892,5232.49,6467.831,8038.767,7691.321,9054.069,15895.163,21942.875,25694.062,31459.695,NA,NA,NA,NA
WHITVIIa,Whiting Irish Sea,6915.524372,7272.473358,5369.606002,4268.241192,3105.082598,3492.466069,2273.041043,2871.968689,1848.185209,2357.976829,1389.403452,2205.216688,2112.058965,1669.595264,2220.505116,1716.639294,1469.646404,2163.881218,1619.363388,2788.931281,2572.353202,2103.228207,1838.557755,2175.082424,NA,NA,NA,NA
WHITVIIbce-k,Whiting Celtic Sea,NA,NA,NA,NA,120000,93800,85600,77900,67800,82400,66600,60700,69600,62700,78900,94700,103000,107000,157000,128000,95300,NA,NA,NA,NA,NA,NA,NA
WLFLOUNNPAC,Willowy flounder North Pacific,NA,NA,NA,1200,1030,774,607,604,570,612,650,633,618,662,776,777,649,655,673,NA,NA,NA,NA,NA,NA,NA,NA,NA
WMARLINATL,White marlin Atlantic Ocean,5047.961342,4766.096883,4955.178986,4783.873349,4253.982388,3874.037265,3563.231098,3967.257127,3675.166066,4278.646206,4445.740341,4298.820055,3946.961615,3859.834781,4005.476737,4343.929767,4800.598058,5022.051636,5095.320239,4969.630244,4864.088709,4799.669796,4877.973042,NA,NA,NA,NA,NA
WPOLLAI,Walleye pollock Aleutian Islands,307000,247000,217000,196000,169000,169000,173000,186000,198000,201000,198000,191000,185000,186000,193000,195000,194000,193000,196000,204000,216000,NA,NA,NA,NA,NA,NA,NA
WPOLLBOGO,Walleye pollock Bogoslof,1020250,673355,420677,472328,437722,305036,235233,225016,207778,227272,248595,243294,277523,180179,116980,100153,85747,73413,94890,122649,230918,434760,434760,NA,NA,NA,NA,NA
WPOLLEBS,Walleye pollock Eastern Bering Sea,13100000,11200000,9800000,9900000,10800000,10000000,9800000,10200000,12200000,11400000,9520000,7260000,5840000,4610000,5880000,5620000,7930000,7850000,8260000,8050000,7780000,NA,NA,NA,NA,NA,NA,NA
WPOLLGA,Walleye pollock Gulf of Alaska,1270000,1060000,1090000,969000,771000,678000,643000,812000,1010000,825000,681000,583000,559000,873000,1350000,1530000,1400000,1270000,1260000,1130000,1730000,NA,NA,NA,NA,NA,NA,NA
WPOLLNAVAR,Walleye pollock Navarinsky,981000,1050000,1040000,798000,867000,798000,712000,888000,820000,1600000,NA,NA,NA,NA,NA,NA,NA,NA,NA,NA,NA,NA,NA,NA,NA,NA,NA,NA
WPOLLNSO,Walleye pollock Northern Sea of Okhotsk,10900000,10100000,8750000,7340000,5950000,6050000,5820000,6120000,6460000,6810000,7140000,7340000,7320000,7440000,7320000,7020000,7340000,7020000,NA,NA,NA,NA,NA,NA,NA,NA,NA,NA
WPOLLWBS,Walleye pollock Western Bering Sea,536000,439000,387000,324000,308000,268000,262000,297000,401000,585000,677000,879000,988000,954000,NA,NA,NA,NA,NA,NA,NA,NA,NA,NA,NA,NA,NA,NA
WROCKPCOAST,Widow rockfish Pacific Coast,72200,70600,70000,68200,66700,64000,62100,64700,69400,75000,78400,80300,81300,86200,86900,90500,91400,106000,113000,127000,132000,NA,NA,NA,NA,NA,NA,NA
YEGROUPGM,Yellowedge grouper Gulf of Mexico,5520,5490,5370,5360,5500,5560,5640,5610,5520,5570,5610,5500,5470,5490,5530,NA,NA,NA,NA,NA,NA,NA,NA,NA,NA,NA,NA,NA
YELL3LNO,Yellowtail flounder Grand Banks,20500,31200,45300,62000,76300,87900,94500,97400,103000,105000,107000,108000,120000,126000,120000,NA,NA,NA,NA,NA,NA,NA,NA,NA,NA,NA,NA,NA
YELLGB,Yellowtail flounder Georges Bank,6230,7280,11300,13500,16300,19400,19600,18700,17400,13000,7870,9040,14300,20800,NA,NA,NA,NA,NA,NA,NA,NA,NA,NA,NA,NA,NA,NA
YELLSNEMATL,Yellowtail flounder Southern New England /Mid Atlantic,1520,2360,3480,3430,3780,3750,3380,2340,1650,1400,1670,2340,2880,3700,3920,4260,5310,NA,NA,NA,NA,NA,NA,NA,NA,NA,NA,NA
YEYEROCKGA,Yelloweye rockfish Gulf of Alaska,20200,29300,29300,25000,25000,15100,14700,15600,17500,20200,18500,19600,19600,18300,17400,14300,14400,14300,14600,13300,10900,10600,10300,11500,12000,NA,NA,NA
YEYEROCKPCOAST,Yelloweye rockfish Pacific Coast,2477.85,2322.62,2138.26,1928.3,1854.23,1741.14,1790.83,1823.3,1885.1,1945.35,2008.69,2084.34,2198.64,2277.93,2372.28,2547.52,2679.81,2781.83,2886.63,3000.63,3128.47,3287.2,3432.4,NA,NA,NA,NA,NA
YFINATL,Yellowfin tuna Atlantic Ocean,695000,666000,642000,629000,609000,597000,588000,558000,544000,543000,545000,564000,582000,609000,626000,637000,653000,676000,697000,725000,NA,NA,NA,NA,NA,NA,NA,NA
YFINCWPAC,Yellowfin tuna Central Western Pacific Ocean,3500000,3470000,3290000,3140000,2930000,2770000,2530000,2460000,2460000,2410000,2250000,2150000,2200000,2200000,2170000,2140000,2000000,1800000,1800000,2070000,2230000,2260000,2210000,2120000,NA,NA,NA,NA
YNOSESKACSCH,Yellownose skate Central-Southern Chile,9150,7780,6400,6090,5820,5840,5730,5700,5500,5380,5320,5230,5170,5160,5220,5440,5660,5820,5880,6090,NA,NA,NA,NA,NA,NA,NA,NA
YNOSESKASCH,Yellownose skate Southern Chile,28800,28300,27700,25900,25100,22700,20000,18300,17000,14000,12500,10900,9840,8510,7160,6010,4860,4050,4080,3850,NA,NA,NA,NA,NA,NA,NA,NA
YSOLEBSAI,Yellowfin sole Bering Sea and Aleutian Islands,2920000,2830000,2830000,2560000,2380000,2420000,2340000,2370000,2550000,2740000,2840000,2820000,2830000,2710000,2530000,2590000,2610000,2600000,2550000,2340000,2310000,NA,NA,NA,NA,NA,NA,NA
YTROCKNPCOAST,Yellowtail rockfish Northern Pacific Coast,112518,116732,117476,122577,125806,125114,124036,126995,130782,138202,141160,140256,139691,138778,134915,134223,129317,129701,125705,127512,125627,123868,124456,NA,NA,NA,NA,NA
YTSNAPSATLCGM,Yellowtail snapper Southern Atlantic coast and Gulf of Mexico,18300,18000,18000,19000,20200,19800,20600,21300,23800,23300,24000,22400,26000,24000,26800,26600,NA,NA,NA,NA,NA,NA,NA,NA,NA,NA,NA,NA
