region,iso3c,ssp245_current,ssp245_medium-term,ssp245_near-term,ssp585_current,ssp585_medium-term,ssp585_near-term,country,integrated_depend,econ_depend,nutrition_depend,change_ssp245_medium,pct_change_ssp245_medium,change_ssp585_medium,pct_change_ssp585_medium
eez,CCK,0.14076741441011328,0.28710822417100396,0.18795183598384116,0.14106948307664166,0.28785607983164957,0.19093104032025815,NA,NA,NA,NA,0.14634080976089067,1.0395929368606558,0.1467865967550079,1.0405269343424204
eez,CXR,0.18808139663973564,0.35408003167845103,0.24126093446069807,0.18808019512178792,0.35587315061431785,0.2428588507445094,NA,NA,NA,NA,0.1659986350387154,0.8825893363429286,0.16779295549252993,0.8921351627898867
eez,NFK,0.24941850460346082,0.41284494335338806,0.3181531391545996,0.24950278307038765,0.46847080263463,0.32348068512049377,NA,NA,NA,NA,0.16342643874992724,0.6552298074665772,0.21896801956424233,0.8776175434582985
eez,NCL,0.28944962472132596,0.6278625522053609,0.4555695098996189,0.2895053296626128,0.6437005495017026,0.46432279826278805,New Caledonia,0.236667,NA,0.19,0.33841292748403495,1.1691600146652443,0.35419521983908986,1.2234497383929552
eez,VUT,0.4032225720935114,0.7059479842502653,0.5357342610664433,0.40338041935635954,0.7229030295699487,0.5398262732703218,Vanuatu,0.406188,0.33,0.45,0.30272541215675386,0.750765044191397,0.31952261021358913,0.7921123457688518
eez,SLB,0.3207197284855598,0.7403177571647098,0.5467891285353591,0.32074399781191526,0.7667420904032496,0.5469287145429006,Solomon Islands,0.435536,0.33,0.65,0.41959802867915,1.308301271831621,0.4459980925913343,1.3905111105239396
eez,PLW,0.12381044230933723,0.32798809203439394,0.23917721580459922,0.12387572390410166,0.3531156186966398,0.24271524634117364,Palau,0.556636,0.57,0.56,0.2041776497250567,1.6491149366458449,0.22923989479253815,1.8505635129123774
eez,FSM,0.14584545494960052,0.5143165258811734,0.33560578844649064,0.1458064398068275,0.5316977270782599,0.3486499040377707,Federated States of Micronesia,0.489408,0.47,0.44,0.36847107093157283,2.5264487745532045,0.3858912872714324,2.6465997508936003
eez,NRU,0.30628246136315224,0.7287550374774113,0.5016560631873033,0.3064133514501912,0.77356680959203294,0.5423636749304992,Nauru,0.474897,0.64,0.52,0.4224725761142591,1.3793560827282985,0.4671534581418417,1.5245858443533897
eez,MHL,0.16506145433702799,0.5771364129416275,0.363467070472957,0.1654997177358859,0.5930114302114229,0.38028491524411245,Marshall Islands,0.509728,0.68,NA,0.41207495860459953,2.496494170972292,0.427511712475537,2.583156746876059
eez,TWN,0.29994170551796556,0.4749556262980087,0.40723935093007807,0.2994902168864914,0.5027316314913013,0.40828731814617925,Taiwan,0.098156,0.07,NA,0.17501392078004313,0.583493117363635,0.20324141460480988,0.6786245531413789
eez,PHL,0.35785706420019353,0.6224935145130986,0.5198692461084103,0.35812576457126466,0.6469214112526153,0.5215679374270455,Philippines,0.374039,0.24,0.43,0.2646364503129051,0.7395032173093036,0.2887956466813506,0.8064084610809457
eez,AUS,0.1932137751830777,0.3361551955938637,0.24683170796297668,0.19342307551850166,0.372788795915644,0.25486820753686446,Australia,0.095532,0.09,0.07,0.142941420410786,0.7398096759682034,0.17936572039714235,0.927323277826721
eez,PNG,0.22517592578067785,0.6283762562255132,0.4656560967156498,0.22457787087607406,0.6575630412031289,0.48195444301771134,Papua New Guinea,0.359104,0.35,NA,0.40320033044483533,1.7906014110831452,0.43298517032705486,1.9279957042872828
eez,FJI,0.36879733674475,0.7004274633610533,0.5343357777445887,0.3692916159202586,0.7062039819265795,0.5342684050335919,Fiji,0.344328,0.41,0.31,0.3316301266163033,0.899220502901379,0.3369123660063209,0.9123206471036446
eez,TUV,0.34766746806403004,0.8449391239404679,0.5964982669452826,0.3482255041008194,0.8771404015819232,0.5978858971317609,Tuvalu,0.648955,0.98,0.53,0.49727165587643785,1.4303082731481083,0.5289148974811038,1.5188861563912635
eez,KOR,0.49190232357557473,0.6297065807548243,0.5447366763959786,0.4929420960301882,0.6737589634290164,0.551545516608152,South Korea,0.24575,0.09,0.34,0.1378042571792496,0.28014557072544033,0.18081686739882824,0.36681157656244245
eez,PRK,0.4782407040216544,0.6528765942690955,0.5879807690500787,0.48044698513961304,0.6844312286563069,0.5924259240790171,North Korea,0.397103,NA,0.35,0.17463589024744108,0.3651631673734189,0.20398424351669386,0.42457180464441485
eez,KHM,0.402045357360579,0.6031356998673889,0.509856364364803,0.40346878529008884,0.6762152592457293,0.5231282836476207,Cambodia,0.215523,0.09,0.3,0.2010903425068099,0.5001682989873695,0.2727464739556405,0.6760039038944222
eez,THA,0.4871244860757934,0.6987402852755488,0.6132497120526971,0.48799285290932626,0.7575643071944946,0.6195330381593125,Thailand,0.320826,0.26,0.32,0.21161579919975537,0.43441831656729596,0.2695714542851684,0.5524086114745974
eez,COM,0.28821171959443603,0.6412970711900632,0.5397371202484086,0.2875779607830432,0.6436467562127499,0.5348509580361193,Comoros,0.288892,0.31,NA,0.35308535159562715,1.2250901944323416,0.3560687954297067,1.238164407523339
eez,MYT,0.3080868484328974,0.6408972329803821,0.5406862443036837,0.3080367451351524,0.6432470287246282,0.5417965172499136,Mayotte,0.281157,0.11,NA,0.33281038454748474,1.0802485930196148,0.33521028358947585,1.088215249912477
eez,SYC,0.08035318605420934,0.4316412578565054,0.2294287927183709,0.0803222711618166,0.44806559202841567,0.23218575681780124,Seychelles,0.322803,0.39,NA,0.3512880718022961,4.371800161916464,0.36774332086659905,4.578348141149375
eez,REU,0.020478540946737407,0.5197737899105079,0.29433200605363974,0.020452013756417167,0.5005729039250151,0.2790516034510893,Reunion,0.394329,NA,NA,0.49929524896377053,24.381387827501307,0.48012089016859794,23.47548245795365
eez,MUS,0.04253140215185574,0.26891642147014855,0.14248923059396296,0.042494311825324205,0.29568311291276156,0.14335240947532865,Mauritius,0.349329,0.23,0.24,0.2263850193182928,5.322773477112254,0.25318880108743735,5.958180994392552
eez,IOT,0.19257672045631555,0.28376025294915197,0.22704677474493645,0.19259120196941432,0.30303489758979857,0.2323715912875781,NA,NA,NA,NA,0.09118353249283642,0.47349197907605173,0.11044369562038425,0.5734617910423757
eez,MDV,0.2217682706685978,0.6474387312767809,0.4688285004303536,0.222082278432148,0.6504611856835558,0.4668844077523277,Maldives,0.708048,0.42,0.99,0.42567046060818303,1.9194380662519979,0.4283789072514078,1.9289198142043056
eez,LKA,0.31607353681287403,0.5734894847556947,0.5019609792498451,0.31660588482376006,0.6072559317076036,0.5229875586176486,Sri Lanka,0.415029,0.19,0.62,0.2574159479428207,0.8144179058407519,0.29065004688384355,0.9180184602242472
eez,MOZ,0.21416972116635974,0.49733611829615326,0.4121197564236991,0.21368502782821128,0.50472991792723,0.4107030665788748,Mozambique,0.300852,0.17,0.36,0.2831663971297935,1.322158872821427,0.2910448900990187,1.3620275274175955
eez,MDG,0.13593811025806832,0.5026229578030934,0.3824007653802933,0.13689860748169058,0.5147855510947594,0.3836728070310514,Madagascar,0.316617,0.29,0.24,0.36668484754502506,2.697439642561614,0.37788694361306885,2.7603417636195395
eez,KEN,0.1828276249335524,0.586461418401768,0.4575204948678352,0.1839906959132356,0.6196061845043281,0.46411964349268936,Kenya,0.202589,0.18,NA,0.4036337934682156,2.2077286931606417,0.43561548859109256,2.367595200555769
eez,SOM,0.14744431422014284,0.5298650717238338,0.44922706114953326,0.14675014291587943,0.5580829557671815,0.45970960861410926,Somalia,0.184318,0.28,0.04,0.382420757503691,2.593662288887687,0.4113328128513021,2.802946591248552
eez,ERI,0.5140171562135541,0.7202688920423088,0.6418747176197588,0.5083709359482483,0.7483014818725698,0.6395759858007214,Eritrea,0.240315,0.22,NA,0.20625173582875467,0.40125457552445015,0.2399305459243215,0.4719596046079751
eez,DJI,0.6785048523710834,0.8583622710572348,0.8042224040461912,0.6710808134741253,0.888159471253554,0.8121841103666358,Djibouti,0.101697,0.11,0.07,0.17985741868615146,0.26507904557738526,0.2170786577794287,0.3234761796506026
eez,YEM,0.3386292398175265,0.5429578338085285,0.5076861681998354,0.33778339246218386,0.565798754473206,0.5104006868207217,Yemen,0.250408,0.33,0.11,0.20432859399100195,0.603399145629321,0.22801536201102218,0.6750342589342944
eez,OMN,0.404829361913001,0.5871589620514982,0.5313361521134038,0.40495104251004777,0.624946181014483,0.5386956537013676,Oman,0.23875,0.21,NA,0.1823296001384972,0.4503863041872945,0.2199951385044352,0.5432635440097098
eez,SDN,0.7740561312426454,1.0749255774952367,0.9492653919554472,0.7742966728647539,1.09260751029985,0.9410385791102985,Sudan,0.066535,0.06,NA,0.30086944625259127,0.3886920264678802,0.31831083743509614,0.4110967392606831
eez,SAU,0.6230446928654956,0.9181458457392881,0.8122347997949976,0.6233715157374632,0.9374819306011122,0.805874110914502,Saudi Arabia,0.061323,0.05,0.06,0.29510115287379257,0.473643634642916,0.314110414863649,0.5038895857986854
eez,KWT,0.09184781336969333,0.29771174713257803,0.1295561492346072,0.10004122732465881,0.30537271957210677,0.12882072218538573,Kuwait,0.066027,0.05,0.07,0.2058639337628847,2.2413591158046318,0.20533149224744796,2.052468744521655
eez,BHR,0.14097347608285732,0.4013529310281249,0.17124362835853263,0.14184036464483918,0.4324807134167901,0.1649525946905387,Bahrain,0.128845,0.13,NA,0.2603794549452676,1.8470102474612264,0.29064034877195094,2.049066565076162
eez,PAK,0.44094352719727825,0.6671775342595629,0.6169504902703794,0.4408297494720814,0.6910761529831907,0.6284373173579638,Pakistan,0.163154,0.14,NA,0.2262340070622847,0.5130679851460151,0.25024640351110927,0.5676713148574785
eez,ARE,0.10751876667205054,0.5302987232299174,0.35752368988627087,0.10942438626188343,0.5640978604807692,0.37177627578504,United Arab Emirates,0.144608,0.08,0.19,0.42277995655786693,3.932150355178585,0.4546734742188857,4.155138445380208
eez,CPV,0.2266533893482985,0.49510709895215094,0.38321853336897127,0.22735495534839062,0.5033687192662964,0.3788234761643982,Cape Verde,0.27066,0.36,0.15,0.2684537096038524,1.1844239804917247,0.27601376391790583,1.2140213240347113
eez,BEL,0.42653077945294904,0.5762862643544993,0.5522043725203086,0.4217466274617104,0.617051853071444,0.5619700619405726,Belgium,0.067975,0.05,0.06,0.14975548490155022,0.3511012384466614,0.19530522560973357,0.46308663280885387
eez,GIB,0.20184334367513657,0.7780815958976746,0.6285486459732056,0.2009241223335266,0.8120767712593079,0.6227875649929047,NA,NA,NA,NA,0.576238252222538,2.854878648611686,0.61115264892578125,3.0417086899665065
eez,TUN,0.41479921321078206,0.7785999167106394,0.666793966783794,0.41802595673236287,0.8338554803455996,0.672618281248988,Tunisia,0.231634,0.28,0.13,0.3638007034998574,0.8770525399116185,0.4158295236132368,0.9947457015916064
eez,MAR,0.40794018808801313,0.7584150132507478,0.6312487224835837,0.4085636023611745,0.7784796403361517,0.6253260850321436,Morocco,0.275022,0.3,0.19,0.35047482516273465,0.8591328714275135,0.3699160379749772,0.9054062472456064
eez,ESH,0.38190319713398835,0.6002989399704369,0.5128722145440899,0.3825948799631614,0.6255864028604488,0.509232267392723,NA,NA,NA,NA,0.21839574283644858,0.5718615200799846,0.24299152289728737,0.6351144137649832
eez,MRT,0.36519486567030257,0.5989109247494053,0.5004235623271254,0.3654756839719944,0.6476375434776223,0.500216667003727,Mauritania,0.308714,0.43,0.11,0.23371605907910276,0.6399763004611935,0.28216185950562783,0.7720400340703631
eez,GMB,0.3286780095980342,0.5305571508882888,0.4598131625078105,0.3286438794838714,0.5791029910846003,0.46948973665913124,"Gambia, The",0.327844,0.3,0.42,0.20187914129025458,0.6142155404225194,0.25045911160072887,0.7620988164881386
eez,SEN,0.3381029790767298,0.5578838710179841,0.474906138322513,0.3385901470445185,0.6112999157347404,0.4828477730474605,Senegal,0.500128,0.42,0.48,0.21978089194125427,0.6500412760083274,0.2727097686902219,0.8054273612822096
eez,LBY,0.3535250155695791,0.6498892721722572,0.5686724430690517,0.35106635729206476,0.6897377185604538,0.5806971643061305,Libya,0.162843,0.14,0.14,0.2963642566026781,0.838311982322363,0.3386713612683891,0.9646932958222373
eez,MLT,0.3905367384679982,0.7286800858861544,0.5935298818925256,0.38804834052404635,0.7969624970128628,0.6133672984245696,Malta,0.183548,0.18,0.14,0.3381433474181562,0.8658426061133933,0.40891415648881646,1.0537711769018043
eez,LVA,0.4402374205334733,0.6782276429928457,0.5875533191511073,0.4450999023213696,0.7181759771580497,0.5703655404564089,Latvia,0.192671,0.2,0.14,0.23799022245937235,0.5405951683320769,0.2730760748366801,0.6135163665785633
eez,EST,0.38854497236804375,0.5600683931702686,0.5067877273529909,0.3909029703039976,0.617705035831126,0.4979238907201878,Estonia,0.137269,0.19,0.06,0.17152342080222482,0.4414506247677082,0.2268020655271284,0.5802004148260855
eez,BGR,0.7215240978936193,1.1102165106512343,0.909533402420641,0.7243264773330553,1.1141234838219516,0.8926655650946506,Bulgaria,0.054591,0.08,0.01,0.388692412757615,0.5387102300426886,0.38979700648889626,0.5381509839652903
eez,ROU,0.506386449724174,0.8017915785372162,0.6833127412302331,0.511765093533709,0.8098611486569857,0.6574625729437406,Romania,0.027223,0.04,NA,0.29540512881304215,0.5833590708715601,0.29809605512327664,0.5824861032723827
eez,RUS,0.45206535997811303,0.8625323468249781,0.7066743292732938,0.45751185503855324,0.9143478984910304,0.7076698895383903,Russia,0.139259,0.14,0.1,0.4104669868468651,0.9079815070695487,0.45683604345247714,0.9985228544820568
eez,GEO,0.6490561635636909,1.3485434486225307,0.9589306072592133,0.653672728287848,1.3611095979553365,1.021436913293383,Georgia,0.078371,0.06,0.08,0.6994872850588398,1.0776991643038303,0.7074368696674885,1.0822493260816677
eez,UKR,0.5052128197459993,0.8168417796632433,0.665127849006078,0.5117161976593092,0.824401429003111,0.6694262986157229,Ukraine,0.075382,0.06,0.07,0.31162895991724404,0.6168271028314732,0.3126852313438018,0.6110520495033882
eez,TUR,0.6134694283268688,0.979880124438791,0.7896581231139258,0.6178656711819,0.9778302848421353,0.8004976807099639,Turkey,0.075967,0.08,0.06,0.36641069611192223,0.5972762116463467,0.35996461366023536,0.5825936452686681
eez,SYR,0.4180788412276242,0.7309659066161623,0.5916914177575597,0.41940611014487567,0.7423928662858628,0.6223888385144097,Syria,0.051717,0.06,0.03,0.31288706538853817,0.7483924909229882,0.3229867561409871,0.7701050326363095
eez,LBN,0.38789009597243335,0.6335291613892811,0.5608559779277663,0.38914730468901193,0.6349941646907388,0.565047147651998,Lebanon,0.130735,0.16,0.06,0.2456390654168477,0.6332697533847444,0.24584686000172684,0.6317578383285887
eez,ISR,0.3615323111568529,0.596924310006022,0.4782813532450764,0.36198750611945113,0.6013856184544023,0.48058354949316207,Israel,0.0284,0.02,0.03,0.23539199884916906,0.6510953283703675,0.23939811233495117,0.6613435775762739
eez,GRC,0.453927189683195,0.705089950620799,0.6038463534277513,0.45357823150148757,0.7306095907076484,0.6066273772989204,Greece,0.151298,0.2,0.06,0.25116276093760403,0.5533106776725484,0.27703135920616084,0.6107686391586724
eez,CYP,0.3033472901377514,0.4494012901072206,0.3715380076962539,0.3040020849816832,0.46831659864181946,0.38626380534686316,Cyprus,0.106333,0.09,0.1,0.14605399996946916,0.48147454985717975,0.16431451366013627,0.540504561572453
eez,ALB,0.250091897587834,0.5003219417977467,0.3749293232433943,0.257411263146396,0.5436546225031254,0.36154585121088284,Albania,0.101205,0.15,0.03,0.2502300442099127,1.0005523834374928,0.28624335935672934,1.1120079046189049
eez,DZA,0.386443948272701,0.6783326940331539,0.5814290887635567,0.38517612042091376,0.7158909292295521,0.5872213961005883,Algeria,0.16188,0.22,0.07,0.2918887457604529,0.7553197483493167,0.33071480880863835,0.8586067289094634
eez,SHN,0.1642496941553067,0.3205031432454642,0.2736790934011127,0.16424961142295685,0.4004303349052058,0.29091811414028323,Saint Helena,0.091796,0.08,NA,0.15625344909015748,0.9513165299559806,0.23618072348224894,1.4379377913659916
eez,SGS,0.30087590291308786,0.707344992837134,0.4250129829947255,0.29564949936259816,0.7631304892290349,0.4553699705943856,NA,NA,NA,NA,0.4064690899240462,1.3509526219567685,0.46748098986643677,1.5812000049866364
eez,HMD,0.2652002423786773,0.580101317847864,0.3668766672328974,0.2624740293070387,0.6486349892659256,0.38523957793457575,NA,NA,NA,NA,0.3149010754691867,1.1874087016087338,0.38616095995888683,1.4712349293314682
eez,FLK,0.2917144036618366,0.44369502890212187,0.3411066364028193,0.29452167805774737,0.5173452683119011,0.3582365546857552,NA,NA,NA,NA,0.15198062524028527,0.5209911589297641,0.22282359025415371,0.7565609150524544
eez,SLE,0.3484667332787665,0.4729520324758648,0.428682663864222,0.34744313411975336,0.473012785032123,0.4244970891398769,Sierra Leone,0.522608,0.31,0.65,0.12448529919709833,0.35723725483290986,0.12556965091236966,0.3614106556760725
eez,LBR,0.2852551288321519,0.4445594896094878,0.40981432360040243,0.2850547722300718,0.46500682055575554,0.41241123746034036,Liberia,0.093186,0.11,0.05,0.1593043607773359,0.5584627397569871,0.17995204832568373,0.6312893726278045
eez,TGO,0.293577688626754,0.4691940880356691,0.4343444666801355,0.2929204663214011,0.48761085076973987,0.43515078666118473,Togo,0.259086,0.15,0.3,0.1756163994089151,0.5981939575530504,0.19469038444833875,0.6646527191948364
eez,BEN,0.30538039269947237,0.5153573887002083,0.4585817482202284,0.30566240827883445,0.5325611613450512,0.46010148111850985,Benin,0.183091,0.04,0.28,0.20997699600073594,0.6875916103997424,0.2268987530662167,0.7423181487833886
eez,COG,0.375514921121281,0.6116510896190671,0.5360780066881484,0.37459405348693414,0.672837077692627,0.5507703123646228,Congo,0.308949,0.26,0.28,0.23613616849778613,0.6288329842997654,0.2982430242056929,0.7961766115331449
eez,NAM,0.32127740082987777,0.6763947812903449,0.49307239796625396,0.3215334923888147,0.7360432121390038,0.5029038493650003,Namibia,0.338803,0.36,0.23,0.35511738046046715,1.1053294739784958,0.41450971975018913,1.2891649845576363
eez,ZAF,0.19084059285952462,0.45757003751153397,0.3317867734233985,0.191134660370555,0.48956821658872296,0.3407326211469135,South Africa,0.110958,0.13,0.06,0.2667294446520093,1.3976557117926454,0.298433556218168,1.5613785361566102
eez,STP,0.19475949846364846,0.4111222964185456,0.3518151082190275,0.19505115125011976,0.4446828022346443,0.3582287742456222,Sao Tome and Principe,0.412443,0.26,0.46,0.21636279795489713,1.1109229570915171,0.24963165098452453,1.2798265961753519
eez,GNQ,0.1721016106382848,0.46412128893296245,0.39497048608560054,0.17217227167431093,0.5171410061648185,0.4066039541332205,Equatorial Guinea,0.409215,0.36,NA,0.2920196782946777,1.6967864345466883,0.3449687344905076,2.0036253871533187
eez,BVT,0.37718135002477277,0.7113707171345582,0.4543344219928175,0.3744579810719541,0.7719854686164161,0.478455718404037,NA,NA,NA,NA,0.3341893671097855,0.886017739445061,0.39752748754446204,1.061607730743159
eez,GHA,0.28744876136869385,0.46557155951110885,0.4185032247588006,0.2874604106428252,0.4893530130824622,0.42263844356362856,Ghana,0.422081,0.18,0.56,0.178122798142415,0.619667996808472,0.20189260243963703,0.7023318514996915
eez,BMU,0.060336745619233086,0.31925323860265165,0.19703592131506634,0.06029164884507353,0.34801093153251594,0.20283094862309883,Bermuda,0.297678,NA,0.19,0.25891649298341857,4.291190887512596,0.2877192826874424,4.772124965876632
eez,BHS,0.12390025702957386,0.36487860922792537,0.2543199392467319,0.12530972781364377,0.39629685234950307,0.24332318029502675,The Bahamas,0.303717,0.29,0.21,0.2409783521983515,1.9449382751549271,0.27098712453585927,2.1625386094434886
eez,TCA,0.08583265802218128,0.3182991371614878,0.22467665315711313,0.08615866619085451,0.3427753446662088,0.20477409856681972,Turks and Caicos Islands,0.262214,0.05,NA,0.23246647913930651,2.708368638417692,0.2566166784753543,2.9784198133581765
eez,CUB,0.25509507534189246,0.7675598402268202,0.5387906904034642,0.2561712389266053,0.7751159690634198,0.5344868522265706,Cuba,0.136895,0.1,0.01,0.5124647648849278,2.00891673113679,0.5189447301368145,2.0257728084982074
eez,CYM,0.1988059753570768,0.45870729345815836,0.33958405350961013,0.1986914016150661,0.45808940018249994,0.3319210239552136,Cayman Islands,0.450975,NA,NA,0.2599013181010815,1.3073114006471431,0.25939799856743384,1.3055320786854048
eez,HTI,0.16618118928791706,0.62392469828855035,0.4658212824104683,0.16607820735034742,0.6326580093231183,0.45659621354540225,Haiti,0.250831,0.19,0.19,0.4577435090006333,2.754484493473989,0.46657980197277094,2.8093981107858754
eez,DOM,0.1471034383902264,0.4554890976590239,0.3520927353437994,0.14759740859698325,0.46282144343346565,0.3446997448377128,Dominican Republic,0.150305,0.1,0.1,0.30838565926879746,2.0963864790891704,0.3152240348364824,2.1357016890263023
eez,VGB,0.03591684224720327,0.2874044808541766,0.16399271011537647,0.03618798077522968,0.3110826414009059,0.1643588211040319,British Virgin Islands,0.247025,0.04,NA,0.2514876386069733,7.001941787534395,0.27489466062567625,7.596297299180588
eez,VGB,0.03591684224720327,0.2874044808541766,0.16399271011537647,0.03618798077522968,0.3110826414009059,0.1643588211040319,British Virgin Islands,0.219745,0.04,NA,0.2514876386069733,7.001941787534395,0.27489466062567625,7.596297299180588
eez,AIA,0.022687094867656823,0.25391118841253835,0.13378364560537007,0.02305518101509741,0.26823935027181844,0.13329536958045257,NA,NA,NA,NA,0.23122409354488152,10.191877580347196,0.24518416925672104,10.63466684977078
eez,KNA,0.01953695130373706,0.37357054040545506,0.1850683629512787,0.02061221134333339,0.41918663808277673,0.19888983979111627,Saint Kitts and Nevis,0.281362,0.18,0.23,0.354033589101718,18.121230052613065,0.3985744267394433,19.336810597391544
eez,ATG,0.010101943165319018,0.1810131520169465,0.06928780660251758,0.010575891744180594,0.22332103408388213,0.0878421546367196,Antigua and Barbuda,0.295679,0.15,0.26,0.1709112088516275,16.918646843944124,0.21274514233970154,20.116047656857397
eez,MSR,0.13005515784025193,0.5905439339578151,0.35905300416052344,0.13123722840100524,0.6010613352060318,0.3623126033693552,NA,NA,NA,NA,0.4604887761175632,3.5407190592408972,0.4698241068050265,3.579960599056874
eez,LCA,0.381686672414538,0.7826924146164531,0.5896235702582349,0.3829145217271246,0.7940166933421782,0.6069274510912321,Saint Lucia,0.251956,0.17,0.21,0.4010057422019151,1.0506149970214187,0.4111021716150536,1.07361342620486
eez,DMA,0.21921864629098542,0.5701438555233308,0.39728814113007876,0.21948622990242259,0.5862367059336181,0.4066423158774807,Dominica,0.263772,0.21,0.19,0.3509252092323454,1.6008000011392094,0.3667504760311955,1.6709498185569203
eez,BRB,0.06282602096910303,0.20976434004085318,0.12996060136198098,0.06350798140779963,0.25276948924852943,0.15517753561257547,Barbados,0.226105,0.1,0.24,0.14693831907175015,2.3388130714821553,0.18926150784072981,2.980121610627762
eez,GRD,0.4102163435579676,0.8010415103577326,0.5954734054307512,0.41090939839311685,0.8138078671627328,0.6201784066772815,Grenada,0.294616,0.23,0.27,0.39082516679976503,0.9527293900822789,0.40289846876961594,0.9805043893986652
eez,TTO,0.2125649305570657,0.5993398112476251,0.41629462464220207,0.21398292636605584,0.6122533244691837,0.43557687261302,Trinidad and Tobago,0.15037,0.11,0.2,0.38677488069055943,1.8195611085843009,0.3982703981031278,1.8612251213997115
eez,VCT,0.39500825072772455,0.8080128026687032,0.6006224551578847,0.3960783028303769,0.8286027867942645,0.6274016741410826,Saint Vincent and the Grenadines,0.220047,0.17,0.12,0.4130045519409787,1.0455593045970546,0.43252448396388754,1.092017615893287
eez,PAN,0.32998930869196735,0.6335941253929139,0.5256260602815842,0.32857273497367556,0.6420535128070289,0.5219540915686322,Panama,0.174682,0.21,0.13,0.3036048167009466,0.920044403572936,0.3134807778333534,0.954068139154847
eez,CRI,0.3965073329601748,0.7316119528922396,0.5607012050789635,0.3964679164387492,0.7491781340863043,0.5652150244938433,Costa Rica,0.105444,0.16,0.04,0.33510461993206475,0.8451410404702973,0.3527102176475551,0.8896311732252004
eez,NIC,0.2838563937044829,0.6557428513131127,0.5192330120867994,0.27496655314401414,0.6897578187520496,0.516656064785342,Nicaragua,0.19222,0.22,0.1,0.3718864576086298,1.3101218287011467,0.4147912656080354,1.5085153480132105
eez,COL,0.2803884738900552,0.5813716957857464,0.48029473198459055,0.2808708324049278,0.582021586115905,0.47834338389481956,Colombia,0.078512,0.12,0.02,0.3009832218956912,1.073450765361031,0.30115075371097727,1.0722037284270665
eez,HND,0.21971326799373536,0.6948604774613867,0.5112761213111706,0.215943982057323,0.7177549411032654,0.5176162581263056,Honduras,0.272937,0.23,NA,0.4751472094676513,2.162578590753104,0.5018109590459424,2.3238015445724955
eez,SLV,0.3414792152965492,0.7041830405250721,0.5413440694888598,0.3411469967386419,0.7142761879773628,0.5412003224820583,El Salvador,0.153388,0.17,0.09,0.3627038252285229,1.062154910112294,0.3731291912387209,1.093749013785342
eez,MEX,0.3404095312263352,0.6208897581274211,0.4864630298542476,0.3398114114846636,0.6559520455484075,0.494873467919666,Mexico,0.112328,0.11,0.08,0.28048022690108587,0.8239493938100021,0.3161406340637439,0.9303414287427836
eez,GTM,0.33098918105323993,0.6919326619972225,0.5412387684439355,0.33108577078697193,0.7109571675278024,0.543771457118895,Guatemala,0.100161,0.16,0.01,0.36094348094398254,1.0904993323208483,0.3798713967408304,1.1473504156880492
eez,ECU,0.3546446778416175,0.699070667197446,0.5750000857177501,0.3559800150555153,0.7175089603584207,0.5713353008256876,Ecuador,0.185814,0.27,0.06,0.3444259893558285,0.9711861219855875,0.3615289453029054,1.0155877577748986
eez,PER,0.37390733477931126,0.6908650745307309,0.568285246019648,0.37626767324044574,0.7160372002084818,0.5669377556998292,Peru,0.239019,0.19,0.23,0.3169577397514196,0.8476906181540819,0.3397695269680361,0.9029995163866062
eez,VEN,0.23516619449123513,0.5465186587572277,0.43941981229991756,0.23541952778306008,0.5539451863083665,0.44600736382144124,Venezuela,0.247038,0.37,0.06,0.3113524642659926,1.323967779210702,0.31852565852530645,1.3530129022212165
eez,FRO,0.48449703695831786,0.5589860384246712,0.4615733168644612,0.4868902762841912,0.6320079560885882,0.5022440607487823,Faroe Islands,0.932951,0.82,NA,0.07448900146635334,0.15374500932760454,0.145117679804397,0.29805006769059766
eez,ISL,0.3893266549486516,0.5027065446043231,0.4146610783868435,0.396239313586081,0.5622237066858103,0.45037361537145404,Iceland,0.414919,0.36,0.36,0.11337988965567147,0.29122046542285984,0.16598439309972934,0.4188993555372442
eez,GRL,0.376646546192039,0.5930887867257336,0.48492110293271695,0.3776791555124985,0.649456039482351,0.5131307633739755,Greenland,0.711747,0.62,NA,0.2164422405336946,0.5746561138604951,0.2717768839698525,0.7195972560388195
eez,PCN,0.2852760180244925,0.561912696589703,0.38071168356594715,0.2852736492752816,0.5912234310547767,0.3819681487568171,NA,NA,NA,NA,0.2766366785652105,0.9697158579290733,0.3059497817794951,1.0724782417049028
eez,PYF,0.3387362633060623,0.6536925358813787,0.47136381628734036,0.33921989504541417,0.6635284291068712,0.47277278181724147,French Polynesia,0.356181,NA,0.46,0.31495627257531633,0.9297979185970421,0.324308534061457,0.9560421979908906
eez,ASM,0.339826108850301,0.7047466497006929,0.49830561478347485,0.340052173810814,0.7270180928133607,0.4921191585674027,American Samoa,0.160378,NA,NA,0.3649205408503919,1.0738449205241771,0.38696591900254673,1.1379604331476292
eez,WSM,0.31357063464896723,0.6592285631088493,0.4548558595155861,0.3132822807441395,0.6624179053343777,0.4408006041335711,Samoa,0.325677,0.3,0.31,0.345657928459882,1.1023287587080197,0.3491356245902382,1.114444212296132
eez,COK,0.4045468173731754,0.6608716088473231,0.5323687693692715,0.40493503208431136,0.6756286848878253,0.5310431827585949,Cook Islands,0.283559,0.23,0.37,0.2563247914741477,0.6336097095968504,0.270693652803514,0.6684866246572437
eez,NIU,0.22707051399118328,0.6186616107017512,0.37281738671765124,0.22682648207968945,0.6309355889240204,0.38020120955620385,Niue,0.120178,NA,NA,0.3915910967105679,1.724535210792594,0.4041091068443309,1.7815781611529729
eez,TON,0.23571081407450695,0.5853499709730268,0.3843392074973382,0.235480074182853,0.594201641703073,0.3908320782659868,Tonga,0.280721,0.28,NA,0.3496391568985198,1.4833394822012738,0.35872156752022,1.5233627251266644
eez,TKL,0.23945815325967645,0.6762829667216907,0.42591242265975165,0.2391711125593865,0.6972717631588586,0.4200095006931794,NA,NA,NA,NA,0.4368248134620143,1.8242219256919885,0.45810065059947214,1.9153678121797637
eez,WLF,0.32666080289464705,0.5534828268855911,0.4371949175876463,0.3266432216130948,0.5709511373105635,0.4263374896535133,Wallis and Futuna Islands,0.198679,0.16,NA,0.2268220239909441,0.6943655987525922,0.24430791569746868,0.7479350543108734
eez,NZL,0.22258782285415846,0.44152173756377594,0.29910958796994547,0.22133647905536333,0.49243146446759684,0.3115604142929206,New Zealand,0.151022,0.16,0.11,0.21893391470961748,0.9835844203079561,0.27109498541223354,1.2248093335957695
eez,USA,0.4251741154321819,0.5905694368141631,0.50639367537292,0.4262157103167797,0.6299235276207029,0.5176907275444271,United States,0.052572,0.04,0.05,0.16539532138198115,0.38900609274828446,0.20370781730392323,0.4779453510817794
eez,BLZ,0.26936973135631814,0.826392815892513,0.5538457743059366,0.2641893739406115,0.8565800530406145,0.5651269019414218,Belize,0.273265,0.28,0.13,0.5570230845361949,2.067875561710285,0.592390679100003,2.24229563159179
eez,JAM,0.15046682010240586,0.6208000066109475,0.36499363253056427,0.14967903326676574,0.6266668155706583,0.36122845592476804,Jamaica,0.226843,0.17,0.16,0.4703331865085416,3.1258265854787033,0.47698778230389255,3.18673746010759
eez,GUY,0.20146873488061912,0.49318988374553135,0.39926464599227435,0.2033369302229887,0.5033115768229995,0.40821828309805386,Guyana,0.364682,0.35,0.29,0.29172114886491224,1.4479723071561077,0.29997464660001083,1.4752590504393113
eez,SUR,0.2525253791924355,0.5681758565399444,0.45235618097039887,0.25291578431947614,0.580301032929488,0.45998019653108885,Suriname,0.29425,0.29,0.23,0.3156504773475089,1.2499752633059875,0.32738524861001184,1.2944437196393719
eez,GUF,0.21721215481314304,0.4741638346926795,0.3969190090529685,0.21796770818579825,0.48622011367542944,0.41118218532363515,French Guiana,0.116747,NA,NA,0.25695167987953643,1.1829525843090105,0.2682524054896312,1.2306979218268868
eez,BRA,0.23356527016099066,0.4593237834688553,0.3988712265291797,0.23346136657583372,0.4767173534276644,0.39885808430967506,Brazil,0.063472,0.1,0.01,0.22575851330786462,0.9665756948892914,0.2432559868518307,1.041953923339241
eez,ARG,0.33145511965025243,0.6360792750223857,0.4870845178965394,0.32957574558926056,0.6987408794849236,0.5031786912196019,Argentina,0.05676,0.08,0.02,0.3046241553721333,0.9190509885427901,0.369165133895663,1.1201222748828774
eez,URY,0.264949035546369,0.4502804106021536,0.33876016641359946,0.2653607097419799,0.489473773694425,0.35208049986761064,Uruguay,0.077973,0.12,0.02,0.18533137505578462,0.6994982060364948,0.22411306395244512,0.8445600864210779
eez,FIN,0.3313922164575265,0.3790844181126726,0.3604993705585743,0.34371903319872277,0.4313599247945228,0.3705555333190603,Finland,0.072076,0.02,0.1,0.04769220165514615,0.14391467055249535,0.08764089159580002,0.2549782907865042
eez,DNK,0.3969241986541678,0.47364483633001864,0.466116986304931,0.3987720829842195,0.5161677315248817,0.4702159084756157,Denmark,0.172332,0.16,0.14,0.07672063767585086,0.19328788200866542,0.1173956485406622,0.2943928463149409
eez,DEU,0.3907124926770442,0.4966390593930088,0.4943481297360374,0.389546246964567,0.5328207431084815,0.4976804139461391,Germany,0.041379,0.03,0.04,0.10592656671596457,0.2711112869470532,0.14327449614391446,0.3677984251172792
eez,NLD,0.39855451746829684,0.5344027919396533,0.5092577265513628,0.3973269246496103,0.575636592516366,0.5174724972185051,Netherlands,0.099475,0.09,0.08,0.1358482744713565,0.34085242675028166,0.17830966786675573,0.4487731809869196
eez,POL,0.3823509370138788,0.5690421820024326,0.49739192598971765,0.38693421118406823,0.610604003669721,0.4857234084951705,Poland,0.098334,0.09,0.08,0.18669124498855383,0.48827196932376604,0.22366979248565277,0.578056387935289
eez,FRA,0.44606044794346583,0.7033792647958713,0.596096562834218,0.44351499517860615,0.77421269872946,0.6154356561770331,France,0.102209,0.06,0.12,0.2573188168524055,0.5768698346575178,0.3306977035508538,0.7456291380129771
eez,GBR,0.4233857782394589,0.6437372338052203,0.5736263350785938,0.4225945035692599,0.7176400651222149,0.5940010577590619,Great Britain,0.072825,0.06,0.06,0.2203514555657614,0.5204507730090425,0.29504556155295497,0.698176523975067
eez,IRL,0.3395537382612168,0.675780674575861,0.54485297222919,0.3399048260903914,0.7555384942002513,0.591377121474959,Ireland,0.116893,0.13,0.07,0.3362269363146442,0.9902024287418878,0.4156336681098599,1.2227942535871197
eez,ESP,0.3503450387224161,0.7099867234018917,0.5427539960498156,0.35020275656890826,0.7623821119595207,0.5586785637426859,Spain,0.198635,0.17,0.18,0.3596416846794756,1.0265356860509887,0.4121793553906124,1.176973475106011
eez,PRT,0.31826397689770103,0.544834213546668,0.4348605675499777,0.31811228653925205,0.5991992875895562,0.4507149358412714,Portugal,0.217708,0.17,0.21,0.22657023664896692,0.7118940662322992,0.28108700105030415,0.8836093824235886
eez,ITA,0.4794219240451339,0.8036566028184795,0.6709655477623868,0.4785535355221891,0.8446987543165945,0.6734332854102933,Italy,0.084732,0.06,0.09,0.3242346787733456,0.6763034031435354,0.36614521879440537,0.7651081678769215
eez,MCO,0.15623685717582703,0.28346920013427734,0.20900803059339523,0.15293940156698227,0.3232943117618561,0.23707596212625504,NA,NA,NA,NA,0.12723234295845032,0.8143554936929166,0.1703549101948738,1.1138719548360736
eez,MNE,0.6160280377076692,1.0086303411657551,0.8673587176634605,0.6169344201145401,1.0465630062193756,0.8556574776499386,Montenegro,0.027601,NA,0.02,0.3926023034580859,0.6373123939602111,0.42962858610483545,0.6963926344473867
eez,HRV,0.5179951851396769,0.8017358607876132,0.7096988168258055,0.5191111524571788,0.8418537095809976,0.6894383310287628,Croatia,0.149379,0.19,0.07,0.28374067564793626,0.5477670136478698,0.32274255712381883,0.6217214860365415
eez,SVN,0.23523386381566525,0.3604683391749859,0.3216882422566414,0.2314982144162059,0.3886654656380415,0.3118551978841424,Slovenia,0.0563,0.07,0.03,0.12523447535932064,0.532382852230227,0.15716725122183559,0.6789134491519999
eez,LTU,0.3851231121841599,0.5838907168192022,0.5059187109856045,0.39242602490326944,0.6229082801762749,0.505384290481315,Lithuania,0.239075,0.17,0.25,0.19876760463504234,0.5161144536555229,0.23048225527300542,0.5873266313818454
eez,QAT,0.11895342837948271,0.47869460398358277,0.32475533473264917,0.11744175271495529,0.5079794875622822,0.32997794784605505,Qatar,0.046111,0.04,NA,0.35974117560410007,3.0242186417398695,0.3905377348473269,3.3253738625240645
eez,IRN,0.3741499490357652,0.6193775796052544,0.5568864188372024,0.3750259589812741,0.653675002286552,0.5640755122072121,Iran,0.11937,0.15,0.06,0.2452276305694892,0.6554260696853597,0.27864904330527784,0.7430126812079998
eez,IRQ,0.20356692001223564,0.33100451678037646,0.2467343583703041,0.21215415224432946,0.34777753353118895,0.23914143592119216,Iraq,0.04169,NA,0.04,0.12743759676814082,0.6260231120089699,0.1356233812868595,0.6392680975231042
eez,GNB,0.38576312868950824,0.5826122123389611,0.4969115454457235,0.3855381253349753,0.6267354772859932,0.4994856806820576,Guinea-Bissau,0.167291,0.31,0.01,0.19684908364945286,0.5102848587893223,0.24119735195101794,0.6256121926760247
eez,GIN,0.43381826007763113,0.565328416610584,0.4990390927974118,0.43380522458614806,0.578258455325097,0.4933852936543817,Guinea,0.287993,0.16,0.35,0.13151015653295284,0.3031457378244505,0.14445323073894895,0.33299098893232076
eez,CIV,0.28809547167751726,0.44039427825081195,0.40599573163009506,0.28823949030162915,0.45605904783169143,0.40378062444464335,Cote D'Ivoire,0.386678,0.19,0.49,0.1522988065732947,0.5286400570147524,0.16781955753006228,0.5822226418539908
eez,NGA,0.3413779268729517,0.5757227196134338,0.4982968960178761,0.34094601344528974,0.5928381153509906,0.500622685548178,Nigeria,0.324679,0.15,0.42,0.2343447927404821,0.6864673263649427,0.2518921019057009,0.7388034819950198
eez,CMR,0.18511250507967766,0.34231687316130244,0.24780584492229968,0.18386163769329908,0.35237451851047497,0.2531090820188163,Cameroon,0.284419,0.12,0.38,0.15720436808162477,0.849236889825242,0.1685128808171759,0.9165200687392627
eez,GAB,0.289386447259298,0.5293258297357564,0.4512684596684195,0.2894228280508233,0.5823165277658287,0.46701214300906835,Gabon,0.235914,0.16,0.26,0.23993938247645835,0.8291313734587793,0.29289369971500534,1.0119923908129753
eez,COD,0.3479160053746684,0.6014680333591841,0.5309408711907747,0.3474895107475194,0.6550760200390449,0.5412897146665133,Democratic Republic of Congo,0.251454,0.22,NA,0.2535520279845157,0.7287736811977571,0.3075865092915255,0.8851677526318577
eez,AGO,0.24908788530198694,0.6524249276895582,0.5122439463870219,0.249593003219152,0.7239374654424348,0.5343636388646064,Angola,0.256033,0.1,0.34,0.40333704238757123,1.6192559581875172,0.47434446222328275,1.9004717924996901
eez,TZA,0.16556816309128866,0.5566202766582808,0.42057662019350495,0.16619456012980743,0.5662719388762837,0.4225680227787808,Tanzania,0.044859,0.08,NA,0.3910521135669922,2.361879882374363,0.40007737874647625,2.4072832373935285
eez,IND,0.40397992025841123,0.6201597243029842,0.5634995274716323,0.4039386398153049,0.6376681416356864,0.5721216161463448,India,0.145698,0.17,0.08,0.21617980404457293,0.5351251218285568,0.2337295018203815,0.5786262535499226
eez,BGD,0.5014910919079557,0.7112451509619132,0.6379544631801546,0.5049183275368996,0.7434783576708287,0.6334820495657623,Bangladesh,0.274134,0.27,0.22,0.2097540590539575,0.4182607875564338,0.23856003013392912,0.4724725111438841
eez,MMR,0.47120549271187595,0.6745335151031472,0.5980835671785111,0.47188789409046916,0.7170081627683947,0.5964505361715968,Myanmar,0.431449,0.42,0.36,0.20332802239127123,0.4315060531681843,0.24512026867792558,0.5194459780545498
eez,MYS,0.3871696022462122,0.5817606821825487,0.5224758719339428,0.38692239813628393,0.6162290050225391,0.5302912659210809,Malaysia,0.296157,0.13,0.43,0.1945910799363365,0.502599064615074,0.22930660688625515,0.5926423696089248
eez,VNM,0.38491506339868997,0.5606067890163438,0.5106017883407362,0.38415713358755477,0.6020328808867288,0.5206265783923297,Vietnam,0.334473,0.28,0.3,0.17569172561765378,0.45644284239319205,0.21787574729917403,0.5671526785523484
eez,SGP,0.540419935186704,0.7444245805342992,0.6146438896656038,0.5379356771707535,0.8540347903966904,0.6147373229265213,Singapore,0.075844,0.07,NA,0.20400464534759521,0.37749282005504814,0.31609911322593687,0.5876150748885903
eez,CHN,0.533923492748206,0.6543317833828951,0.589760277990224,0.529893307360713,0.6946751217112812,0.6012744822477575,China,0.122418,0.13,0.08,0.12040829063468905,0.22551600045715278,0.16478181435056816,0.31097168441570183
eez,JPN,0.37828353805166104,0.49256195638851225,0.4445699958997536,0.37882916259687205,0.5240624847108527,0.4497182684918066,Japan,0.25445,0.06,0.38,0.1142784183368512,0.30209725468213355,0.14523332211398066,0.3833741867136282
eez,KIR,0.1916927196158097,0.7140921803303444,0.4480117374649557,0.1914520403807535,0.7509945216999502,0.48375617246122715,Kiribati,0.715067,0.86,0.74,0.5223994607145347,2.7251919726608658,0.5595424813191967,2.92262480047952
eez,ATA,0.3338665044853483,0.7248651175729023,0.4920364295196971,0.33172909118771376,0.7778751646117252,0.5031092109835165,NA,NA,NA,NA,0.39099861308755396,1.1711226128846743,0.44614607342401147,1.3449109085568658
eez,EGY,0.39291104529602516,0.617506031409511,0.5437842840583945,0.393630059479281,0.6282880356093699,0.5432057918560026,Egypt,0.130138,0.13,0.1,0.22459498611348583,0.571617898764522,0.23465797613008887,0.5961383549836348
eez,JOR,0.023427072602013748,0.039424779514471694,0.028016175453861553,0.025935000739991665,0.040766242581109204,0.02639202354475856,Jordan,0.033823,NA,0.06,0.015997706912457946,0.6828726398825781,0.014831241841117539,0.5718620172718107
eez,IDN,0.26680953795443474,0.5781050193851224,0.46240961017507165,0.26575464091878004,0.6040285501490938,0.4634855415752813,Indonesia,0.36433,0.22,0.48,0.31129548143068764,1.1667329579643817,0.3382739092303138,1.2728805339421978
eez,CAN,0.4406822381560924,0.7085379146642182,0.5520600467558161,0.43616681433337473,0.7560039649062361,0.5550751227343985,Canada,0.120683,0.12,0.09,0.2678556765081258,0.6078204504653751,0.3198371505728614,0.733290887940871
eez,SPM,0.44952573350841,0.7102961138852181,0.568188601924527,0.45062936013264043,0.7896700700925241,0.6001441416240507,NA,NA,NA,NA,0.26077038037680805,0.580101117552438,0.33904070995988367,0.7523715495592403
eez,SXM,0.12886557898794612,0.23803385657568774,0.18524593114852905,0.13410524822150668,0.2656434625387192,0.1753128683194518,Sint Maarten,0.433706,NA,NA,0.10916827758774161,0.8471484662165142,0.1315382143172125,0.980858065300665
eez,SXM,0.12886557898794612,0.23803385657568774,0.18524593114852905,0.13410524822150668,0.2656434625387192,0.1753128683194518,Sint Maarten,0.257578,NA,NA,0.10916827758774161,0.8471484662165142,0.1315382143172125,0.980858065300665
eez,NSM,0.07494520283971895,0.20887754625588092,0.14078774707356714,0.07821194712019894,0.23592760533375565,0.1304950582496119,Saint Martin,0.415456,0.16,NA,0.13393234341616198,1.787070263891279,0.1577156582135567,2.0165161975979653
eez,SWE,0.3704511257840436,0.46798068029183765,0.42566444375610185,0.37792198539437755,0.5306710798650841,0.41985810999227974,Sweden,0.100955,0.08,0.1,0.09752955450779405,0.26327239335925084,0.15274909447070656,0.4041815516800549
eez,NOR,0.4641301607912264,0.6078368080181665,0.52268187376135,0.4698839386470875,0.7105847226328624,0.5512985725932097,Norway,0.252239,0.18,0.26,0.14370664722694015,0.3096257458941175,0.24070078398577494,0.5122558235951036
eez,CHL,0.5330216105019097,0.7130760806105915,0.6216893628100645,0.5335934235884153,0.7619175751268735,0.6362805817585219,Chile,0.147408,0.2,0.06,0.1800544701086818,0.3377995686500158,0.2283241515384582,0.4278991109054127
eez,JEY,0.16164038666794378,0.3845794965182581,0.30452933979611235,0.14798494305221305,0.4425909932582609,0.3114770340823358,NA,NA,NA,NA,0.22293910985031434,1.3792290061041237,0.29460605020604785,1.9907839549737365
eez,GGY,0.5288931658898277,0.7550185339889307,0.7062433180452763,0.5173627610864311,0.8370823435399725,0.7155301779851146,NA,NA,NA,NA,0.226125368099103,0.4275445074406701,0.3197195824535414,0.6179795039406184
eez,TLS,0.06754740431850502,0.46331877519674775,0.3266479556965739,0.06722936516522598,0.4915420700063424,0.3256832692340522,Timor Leste,0.194793,0.27,0.13,0.3957713708782427,5.859164758013044,0.42431270484111644,6.311419181161476
eez,BIH,0.011731949945290884,0.023234615723292034,0.017701854308446247,0.012224396069844564,0.0257941335439682,0.016432238121827442,Bosnia and Herzegovina,0.028758,0.03,0.02,0.01150266577800115,0.9804564315089184,0.013569737474123636,1.1100538134229627
eez,CUW,0.19019876468566158,0.5232304065458236,0.3381207629076896,0.19054129397676836,0.5218194444333354,0.34819514362081405,Curacao,0.232071,NA,NA,0.3330316418601621,1.7509663767299335,0.33127815045656706,1.7386160424467252
eez,CUW,0.19019876468566158,0.5232304065458236,0.3381207629076896,0.19054129397676836,0.5218194444333354,0.34819514362081405,Curacao,0.16355,NA,NA,0.3330316418601621,1.7509663767299335,0.33127815045656706,1.7386160424467252
eez,BRN,0.39882836798309834,0.5909131581455358,0.5457428980715656,0.3992243451256735,0.6008594603343524,0.5444172803575664,Brunei Darussalam,0.107732,0.06,0.11,0.19208479016243746,0.4816226868059137,0.20163511520867894,0.5050671825767674
eez,ABW,0.14398305694339797,0.45470111904433,0.29434120893711224,0.14442076516570523,0.4558349789585918,0.30341576755745336,Aruba,0.187066,NA,NA,0.31071806210093206,2.158018232819437,0.3114142137928866,2.156298046444891
eez,GLP,0.11958687559582681,0.43637502899211555,0.28172319286309727,0.1203444198089906,0.4560589417337267,0.29519291318745927,Guadeloupe,0.212195,0.04,NA,0.31678815339628874,2.6490210720694134,0.33571452192473605,2.789614362324224
eez,MTQ,0.11958687559582681,0.43637502899211555,0.28172319286309727,0.1203444198089906,0.4560589417337267,0.29519291318745927,Martinique,0.296299,NA,NA,0.31678815339628874,2.6490210720694134,0.33571452192473605,2.789614362324224
eez,GUM,0.1275320996158913,0.3964485547579455,0.25173668849909114,0.12744575974537864,0.39429913814616685,0.25742118778397055,Guam,0.478079,NA,NA,0.2689164551420542,2.1086177985933947,0.2668533784007882,2.093858429922889
eez,MNP,0.1275320996158913,0.3964485547579455,0.25173668849909114,0.12744575974537864,0.39429913814616685,0.25742118778397055,Northern Mariana Islands,0.454494,NA,NA,0.2689164551420542,2.1086177985933947,0.2668533784007882,2.093858429922889
eez,PRI,0.126139331816609,0.41115368880223224,0.2979702514440341,0.12715566255428373,0.4212499643037053,0.2961331975730786,Puerto Rico,0.310475,NA,NA,0.2850143569856233,2.259520110666187,0.2940943017494216,2.3128683052071746
eez,VIR,0.126139331816609,0.41115368880223224,0.2979702514440341,0.12715566255428373,0.4212499643037053,0.2961331975730786,Virgin Islands (U.S.),0.415249,NA,NA,0.2850143569856233,2.259520110666187,0.2940943017494216,2.3128683052071746
